key,input
VREONUZGDYDJLN-CAPFRKAQSA-N,C(=N/N(c1ccccc1)c1ccccc1)\c1ccccc1
GZJHNJXODFYRDC-UHFFFAOYSA-N,Fc1cccc(-c2nc(C3CC3)ncc2-c2nnnn2-c2ccc(Cl)cc2)c1
LDEHPRNCJJXOFE-UHFFFAOYSA-N,CCOC(=O)CSc1nc(-c2ccccc2)nc2ccccc12
UBWLQIWFVGUHBI-UHFFFAOYSA-N,Cn1ncc(Br)c1C(=O)Nc1ccc(F)cc1F
CKLRRRYIRRWPTR-UHFFFAOYSA-N,COc1cc(C(=O)Nc2ccc(N3CCCS3(=O)=O)cc2)c([N+](=O)[O-])cc1OC
OHBDPPGUEKDSBY-UHFFFAOYSA-N,CCOC(=O)c1cccc(NC(=O)CSc2ncc3c(n2)-c2ccc(Cl)cc2N(Cc2ccccc2)S3(=O)=O)c1
WYJOVVXUZNRJQY-UHFFFAOYSA-N,CC(=O)c1cccs1
ORSHASBOSZNMPQ-UHFFFAOYSA-N,COc1ccc(C2C=C(c3ccc(Br)cc3)Nc3nc(N4C(=O)CCC4=O)nn32)cc1
IUWMIEHFNRVMLN-UHFFFAOYSA-N,N#CC1=C(S)N(c2ccccc2)C(c2ccc(-c3ccc(Cl)c(Cl)c3)o2)NC1=O
BIDXGMZPYDTZTP-IGEANLTESA-N,CCOC(=O)[C@H](C)NP(=O)(OC[C@H]1O[C@@H](n2ccc(=O)[nH]c2=O)[C@](Cl)(Br)[C@@H]1O)Oc1ccccc1
IPMJRPNBEDTQGJ-UHFFFAOYSA-N,Cc1cccc(NC(=O)Nc2ccc(C)c(C)c2)n1
MHEYLSXQBQEYPZ-UHFFFAOYSA-N,COc1cc(C2=C(c3cn(CCCOC(=O)C(N)CC(C)C)c4ccccc34)C(=O)NC2=O)cc(OC)c1OC
KCTMKNTUYXUDDV-UHFFFAOYSA-N,O=C1C(c2c[nH]c3ccccc23)=C(c2c[nH]c3ccccc23)C(=O)N1Cc1ccccc1
WDASILDKNHAVRK-UHFFFAOYSA-N,NN1C(=O)NC(c2ccccc2)(c2ccccc2)C1=O
DWSYIKXQUSHSPI-UHFFFAOYSA-N,O=C(NC(NC(=S)Nc1ccc(Cl)cc1)C(Cl)(Cl)Cl)c1ccccc1Cl
OKLSTTFHEBNKCC-UHFFFAOYSA-N,CC(=O)Oc1cc2c(c(Cl)c1OC(C)=O)CCNCC2c1ccccc1
IYAVXGNSMDGQTH-UHFFFAOYSA-N,N#Cc1ccccc1S(=O)(=O)N1CCN(Cc2c(O)ccc3ccccc23)CC1
DFJOIMLNAKAYQF-UHFFFAOYSA-N,CCN1CCCC1Cn1cnc2c3ccc(OC)cc3nc-2c1O
ZNKDMMSFGPJUCT-UHFFFAOYSA-N,COc1ccc2c(c1)C(=O)C(=O)C1=C2NC(=S)NC1c1cccc(O)c1
CFVCBACLDWMPBK-UHFFFAOYSA-N,Cc1ccccc1CCNCc1cc2cccc(C)c2nc1O
ZCMRKSWARKIBIK-UHFFFAOYSA-N,Cc1cc(NC(=O)c2cccc(C)c2[N+](=O)[O-])no1
FYWWYKVAMYGPAT-UHFFFAOYSA-N,CC1=C(CN2CC(C(=O)O)C2)CCc2cc(OCCCc3ccc(F)cc3)ccc21
PAELNKUZZWSOTQ-UHFFFAOYSA-N,Cc1nc2ccc([N+](=O)[O-])cc2c(=O)n1Cc1ccc([N+](=O)[O-])cc1
HZTFDAHJXDLITP-UHFFFAOYSA-N,CC(CC(=O)O)Cc1nc2ccccc2n1Cc1ccc(Cl)cc1
NEBRXNXVUOFFFB-UHFFFAOYSA-N,Cc1ccc(CNc2nccc(-c3c(-c4ccc(F)cc4)nc4cc(CN(C)C)ccn34)n2)cc1
AEFOERYLVMYANT-UHFFFAOYSA-N,CS(=O)(=O)c1cccc(-c2cccc3nc(Nc4ccc(CN5CCOCC5)cc4)nn23)c1
UUGICWXWTLQAGO-NHYWBVRUSA-N,Oc1cc2c(cc1O)[C@@H]1c3ccsc3CN[C@H]1CC2
UEBBYLJZCHTLEG-UHFFFAOYSA-N,COc1ccc2c(c1)CCC(CN(C)CC(=O)O)C2c1ccccc1
JXIHJHXQVDFVFD-JYRVWZFOSA-N,Cc1cc(/C=C2/C(=O)N(C)C(=S)N2C)c(C)n1C1CC1
MNNHETWOMOJGCD-UHFFFAOYSA-N,CCCCn1c(CSc2ccccn2)cn(-c2nnc(C(C)(C)C)s2)c1=O
GKJTUMVXJVVWIO-UHFFFAOYSA-N,Cn1c(=O)[nH]c2nccc(Oc3ccc(NC(=O)Nc4cc(C(C)(C)C)nn4-c4ccc(F)cc4)c4ccccc34)c21
BDCUQVJRZGYIDS-OLMNPRSZSA-N,O=C(c1cccc(F)c1-c1ncccn1)N1[C@@H]2CC[C@H]1[C@H](Nc1ccc(C(F)(F)F)cn1)C2
IEOJHRAIYGJUBG-UHFFFAOYSA-N,CC1CCCN(C2(c3ccccc3)CCCCC2)C1
SEWYHYNZMUNBRG-LSYYVWMOSA-N,CN(Cc1ccccc1)C(=O)c1cc(=O)cc(C(=O)N[C@@H](Cc2ccccc2)[C@H](O)C(=O)Nc2cccc(-c3nn[nH]n3)c2)o1
FITXCLRWDSMQLY-UHFFFAOYSA-N,N#Cc1ccc(NC(=O)c2cc3n(n2)C(C(F)(F)F)CC(c2cccs2)N3)cc1
IVZCTPOSLHYVDI-UHFFFAOYSA-N,CC(C(=O)NCc1ccc(C(C)(C)C)cc1C#N)c1ccc(NS(C)(=O)=O)c(F)c1
UEAUQLDIYZMSDU-UHFFFAOYSA-N,COc1ccc(NC(=O)CN2C(=O)NC(C)(c3ccc4c(c3)OCCO4)C2=O)cc1S(N)(=O)=O
IRJDEFVEKZYZIM-UHFFFAOYSA-N,Cc1ccc(N(CC(=O)Nc2cc(Cl)ccc2Oc2ccccc2)S(C)(=O)=O)cc1C
ZRRPHUGYHHONQY-UHFFFAOYSA-N,Clc1ccc(Sc2oc(C3CCOCC3)nc2-c2cnc3cc[nH]c3c2)cc1
GZAMXRQAACXAEF-UHFFFAOYSA-N,COc1ccc(C2=NC(C)(C)N(CC(=O)Nc3cccc(C)c3)C2=O)cc1
HDBYPZURDNCVJI-UHFFFAOYSA-N,c1cncc(-c2nc(NCCC3CCCCC3)c3ccccc3n2)c1
OAASKINNJUWLMI-WGPBWIAQSA-N,CC(C/N=c1\cc2n(-c3ccc(Cl)cc3)c3ccccc3nc-2cc1Nc1ccc(Cl)cc1)N(C)C
KCWZGJVSDFYRIX-UHFFFAOYSA-N,COC(=O)C(N)CCCNC(=N)N[N+](=O)[O-]
DTLPCCKUYHPFDA-UHFFFAOYSA-N,CCN(CC)S(=O)(=O)c1ccc(C(=O)NCC(=O)NCCCc2ccccc2)cc1
GJRKVGLPQSNSCF-UHFFFAOYSA-N,Cn1cc(C(=O)OCC(=O)Nc2ccccc2Cl)c2ccccc21
FGDAZKVTZICWBW-UHFFFAOYSA-N,O=C(NCc1ccccc1)c1cc(C2COCCN2C(=O)c2ccccc2)on1
AVEOBSQKVNAPTA-UHFFFAOYSA-N,Cc1cc(NC(=S)NNC(=O)c2cccnc2Oc2ccccc2)ccc1Br
OCZQWBISMDLSEK-UHFFFAOYSA-N,CC(C(N)=O)N1c2cccc3cccc(c23)S1(=O)=O
SXJUXJRJKAMBPF-UHFFFAOYSA-N,O=C(CCNC(=O)C1CCN(S(=O)(=O)c2ccccc2)CC1)NCCc1ccc(Cl)cc1
YPPSEJUJIDXPJF-ZDUSSCGKSA-N,N#Cc1nc(N2CC[C@H](S(=O)(=O)c3ccc(-n4cccn4)cc3Cl)C2)cc(C(F)(F)F)n1
PHNVTEGJIIUIFF-UHFFFAOYSA-N,CC(=O)Nc1ccc(S(=O)(=O)c2sc3ncccc3c2-c2ccc(Cl)cc2)cc1
KEAGVTGHCJWSRR-UHFFFAOYSA-N,Cc1cccc(NC(=O)CSc2nnc3c4c(c(C#N)c(Nc5ccccc5)n23)CC(C)(C)OC4)c1
XGPQUZZKSLWFAZ-UHFFFAOYSA-N,CCC1C(=O)N/C(=N\c2ccc(OC(C)C)cc2)N(Cc2ccc(Cl)cc2)C1=O
HVYKDBUSMZPNKZ-UHFFFAOYSA-N,Cc1ccc(Nc2nc(NCC(F)(F)F)c3nc[nH]c3n2)cc1
QNNDEUPIIBUQDX-UHFFFAOYSA-N,CN1C(=O)C(Cc2ccc(C(C)(C)C)cc2)N=C(c2ccc(O)cc2)c2cc(Cl)ccc21
AFBDOVSBEISTQY-UHFFFAOYSA-N,O=C1c2c(-c3ccccc3)cc(N3CCC(N4CCCC4)CC3)nc2OCCCN1Cc1cc(C(F)(F)F)cc(C(F)(F)F)c1
CAQMAPBXQIMRLX-UHFFFAOYSA-N,CC1CN(C2CCN(S(=O)(=O)c3ccc(F)cc3)CC2)CC(C)O1.O=C(O)C(=O)O
FTYOSVOSXOLKLF-UHFFFAOYSA-N,Cc1cc(C(C)(C)C)ccc1OCCN(C)C
XZKWZMSPSMVVCZ-UHFFFAOYSA-N,O=C1NC2(CCCCC2)N=C1c1ccccc1
LKHDGPNZGMDTQT-UHFFFAOYSA-N,COc1cc(N2CCC(Oc3ccc(F)cc3F)CC2)c(NC(=O)c2cccnc2OC)cn1
ZMJSINXUFGXMIH-UHFFFAOYSA-N,O=S1NC(Cc2ccc3cccc(Cl)c3c2)=NO1
WMLKIRMQFYNVCP-UHFFFAOYSA-N,[O-][N+]1=C(c2ccccc2Cl)c2cc(Cl)ccc2-c2ncncc2C1
BGZQSZZZEVNBPB-UHFFFAOYSA-N,C=CCc1c(C)nc(-c2ccc(OC)cc2)nc1Nc1ccc(CC(=O)O)cc1
VTWTZEHOBOADIH-UHFFFAOYSA-N,c1ccc(-c2csc3ncnc(Sc4nnc5ccccn45)c23)cc1
YYCZYYFGCLAYJS-UHFFFAOYSA-N,O=C1C2C3CC4C(OC(C42)N1c1ccccc1)C3O
CNINCCFOLKJUNS-UHFFFAOYSA-N,CC(=O)N1CCSc2ccc(S(=O)(=O)NCCc3ccc(C)cc3)cc21
GLAVCDLFQQONEK-UHFFFAOYSA-N,Cc1ccccc1C(=O)NCCN1CCOCC1
JIMLDJNLXLMGLX-UHFFFAOYSA-N,NC(=O)CCC(NC(=O)OCc1ccccc1)C(=O)O
BXAFTHRBIYMCOI-UHFFFAOYSA-N,COCCN1C2CCC1c1c(n(C)c3ccc(S(=O)(=O)c4ccc5[nH]ccc5c4)cc13)C2
CDNCXSBSIGOTBR-UHFFFAOYSA-N,Cc1cnc(C(=O)OCC(=O)N2CC(C)CC(C)C2)cn1
UMTZOWPWZLHANK-UPVQGACJSA-N,O=c1[nH]nc2c3c(cccc13)N[C@@H](c1ccc(CN3CCC3)cc1)[C@@H]2c1ccc(F)cc1
NKEUCELRWWKAGP-UHFFFAOYSA-N,CN(C)c1nc(N)n2nc(-c3ccco3)nc2n1
FAOCUCIKWLQPRI-UHFFFAOYSA-N,CCN(CC)c1nc(C#N)nc(OC)n1
ZLTFOMZLNGWJLI-UHFFFAOYSA-N,COc1ccc(OC)c(NC(=O)CSc2nc(O)cc(-c3ccccc3)n2)c1
OCGGLSQFJOWXTE-CYBMUJFWSA-N,Cc1nc([C@@H]2CCOC2)c2c(N3CCc4cnn(CC(F)(F)F)c4C3)ncnn12
YBTJOTKCDWXHNX-UHFFFAOYSA-N,Cc1cnc(C2CN(c3ccc(C(F)(F)F)cn3)CCN2C(=O)C2CCS(=O)(=O)CC2)s1
TZNWDLLWEJLMRI-UHFFFAOYSA-N,CCc1c(C)sc(NC(=O)c2cc(C3CC3)on2)c1C#N
FERHDMHSEIVAAO-BQYQJAHWSA-N,COc1cc(/C=C/C(=O)N2CCC=CC2=O)c(Cl)c(OC)c1OC
NOSGHHSOTXLUOC-UHFFFAOYSA-N,O=C1c2cc(-c3ccc(OCC4CCC4)cc3)ccc2OCCN1Cc1ncccn1
XJYCSAVVRADENJ-UHFFFAOYSA-N,CC(F)(F)c1nn2cc(-c3cc4ccc(OCc5ccccc5)cc4o3)nc2s1
KIELZMVDBJNNDM-UHFFFAOYSA-N,OC(c1ccc(F)cc1)(C1CCCCC1)C(CN1CCOCC1)c1ccccc1
ZVRNVGABOZFAGJ-UHFFFAOYSA-N,CCNc1cc(C)nc(Nc2ccc(NC(=O)C3CCCC3)cc2)n1
HKSDYVVCYJKCRE-UHFFFAOYSA-N,CCOc1ccc(NS(=O)(=O)c2ccc3nc(O)cc(C(=O)O)c3c2)cc1
AJMGGPFFAUFJLA-UHFFFAOYSA-N,CCOc1ccc(-n2ccn3c(SC(C)C(=O)Nc4ccc(OC)cc4)nnc3c2=O)cc1
COBBNRKBTCBWQP-UHFFFAOYSA-N,Cn1c(-c2ccc3c(c2)OCO3)cc(=O)c2ccccc21
MOHPATRPLWJMGH-UHFFFAOYSA-N,COc1cc(C(=O)NC(C)c2ccc3ccccc3c2)cc(Cl)c1O
UOCOSGYGYWYBHS-UHFFFAOYSA-N,COc1ccc(NC(=S)NN=C2Cc3ccccc3C2)cc1
BQPFJKYLPCZFDB-BFHYXJOUSA-N,CCCCc1cn([C@H]2C[C@H](n3cc(C)c(=O)[nH]c3=O)O[C@@H]2CO)nn1
VUGOCNWJAQLFOT-UHFFFAOYSA-N,S=C(NCc1ccncc1)Nc1ccccc1
KKNDYTPYJFGXKQ-UHFFFAOYSA-N,CCOc1ccc(NC(=S)N2CCN(S(=O)(=O)c3ccccc3)CC2)cc1
FACDOVKICWCFJQ-UHFFFAOYSA-N,Clc1cc(Cl)nc(NCCc2c[nH]c3ccccc23)n1
WJUNDLLTCRWEEW-UHFFFAOYSA-N,Cc1cc(C)nc(Nc2ncc(O)n2-c2ccc(Br)cc2)n1
FEXWVJCHYHKQCY-UHFFFAOYSA-N,NC(=O)c1cc(NC(=O)c2cc(-c3cccc(CC(F)F)n3)ccc2Cl)n(-c2ccccc2)n1
UTYIZWMPBOJMLJ-DGOADCAFSA-N,C[C@H](F)c1nc(C(=O)Nc2ccc(F)c([C@@]3(C(F)F)N=C(N)O[C@@H]4C[C@@H]43)c2)co1
JVSDDGIQDGRFGK-CBAPKCEASA-N,CC1(C)O[C@H]2CCCO[C@@]2(COS(N)(=O)=O)O1
BQYRVARYDSJDJF-NRFANRHFSA-N,Cc1c(C(=O)Nc2ccc(F)c([C@]3(C(F)F)COCC(N)=N3)c2)oc2ccc(Br)cc12
YIGMVHQWYSYFGD-UHFFFAOYSA-N,CCC(=O)c1ccc(OCC(O)Cn2cnc3ccccc32)cc1
NWPBIINCRFZSIN-UHFFFAOYSA-N,CCOc1ccccc1NC(=O)c1sc2nc(C)cc(C)c2c1N
GRDZSVKSWHZAPH-UHFFFAOYSA-N,COc1ccc(NC(=O)CN(C)CC(=O)Nc2ccc(C)c(S(=O)(=O)N3CCCCC3)c2)cc1
UDSXFWUGVXXOFC-SQHXPHCLSA-N,CC[C@H](C)[C@@H]1NC(=O)[C@H](C)NC(=O)[C@H]([C@@H](C)O)NC(=O)[C@H](C(C)C)NC(=O)[C@H]([C@@H](C)O)NC(=O)[C@@H]2CSSC[C@@H]3NC(=O)[C@H](C(C)C)NC(=O)[C@H](CCCCN)NC(=O)[C@H](CO)NC(=O)[C@H](CCCCN)NC(=O)[C@@H]4CSSC[C@H](NC(=O)[C@H](CO)NC(=O)[C@H](CCC(=O)O)NC(=O)CNC(=O)[C@H](CSSC[C@H](NC(=O)CNC(=O)[C@H]([C@@H](C)CC)NC1=O)C(=O)N[C@@H](CO)C(=O)N4)NC(=O)[C@@H]1CCCN1C(=O)[C@H](CC(C)C)NC(=O)CNC(=O)[C@H](CC(N)=O)NC(=O)[C@H](CCCCN)NC(=O)[C@H](Cc1ccc(O)cc1)NC3=O)C(=O)N[C@@H](C(C)C)C(=O)N[C@@H](Cc1ccccc1)C(=O)N[C@@H](CC(C)C)C(=O)N1CCC[C@H]1C(=O)N2
FZDNPRCKDNZFJI-UHFFFAOYSA-N,CCN(Cc1ccc2c(c1)OCCO2)C(=O)NCCc1cnn(C)c1
OQISTSSMSVJSIA-ZDUSSCGKSA-N,NC[C@H](Cc1ccccc1)Nc1ncnc2c(C(N)=O)cccc12
SBUBGCBNETYVPK-UHFFFAOYSA-N,COC(=O)c1ccc2c(c1)Nc1ccccc1O2
OODAZHFXYDAPFA-UHFFFAOYSA-N,c1cncc(-c2noc(CN3CCC4CCCCC4C3)n2)c1
VRCVWBLBRDUFTN-UHFFFAOYSA-N,Cc1cc(C)c(NC(=O)CSc2nnc3[nH]c(=O)cc(C)n23)c(C)c1
YFIHMZPJZXRZEL-UHFFFAOYSA-N,Cc1ccc(-n2cnc3cc(C(=O)N4CCc5ccccc54)ccc32)c(C)c1
VKASQTLXSYSDGQ-UHFFFAOYSA-N,CCn1ccc(Nc2ncc3c(n2)-c2c(nn(C)c2Cc2cccc(C(F)(F)F)c2)CC3)n1
ARETZXICCILTLH-UHFFFAOYSA-N,O=C(O)C1(Cc2nc3cc(OCc4ccc5ccccc5n4)ccc3n2Cc2ccc(-c3ccc(C(F)(F)F)nc3)cc2)CCCC1
MJAJWZWFTQWGID-UHFFFAOYSA-N,O=C(Cn1ccc2ccccc21)Nc1nnc(CCSCCc2nnc(NC(=O)Cn3ccc4ccccc43)s2)s1
QHCSIWSQYWQLGA-UHFFFAOYSA-N,COc1ccc(C(=O)CSc2nnc(C)s2)cc1
KOBDYNZIRHPFFW-UHFFFAOYSA-N,CC1CCc2c(sc3ncnc(SCC(=O)N(C)C4CCS(=O)(=O)C4)c23)C1
RWRZVYYHXHQQKU-UHFFFAOYSA-N,CCc1ccc(NC(=O)Cn2c(=O)n(-c3ccccc3C)c(=O)c3c2c2cc(OC)ccc2n3C)cc1
RFCXGTDHKLXNER-UHFFFAOYSA-N,Oc1cccc(-c2cccnc2)c1
YMMKVLDFUKHZTJ-UWJYYQICSA-N,Cn1c(SCCCN2CC[C@]3(C[C@H]3c3ccc(C(F)(F)F)cc3)C2)nnc1-c1nccs1
LPMIDTZXCMEXEY-UHFFFAOYSA-N,CC1(C)NC(=O)N(CNc2ccc(F)cc2)C1=O
CVMGGAWNRBFLIQ-UHFFFAOYSA-N,CCn1nccc1NC(=O)c1ccc(C)c(NC(=O)c2cnn(-c3ccccc3)c2N)c1
XEOULHMACFMTHS-LRTDYKAYSA-N,CCCNc1nccc(N2CC[C@@H](Oc3ccc(C(C)C(=O)NCC)cc3)C2)c1F
HELOOGGYOBJYPP-UHFFFAOYSA-N,CC(=O)Nc1ccc2c3c4c(cccc4cc2c1)C(=O)N(CCN(C)C)C3=O
LKNHCWRIQYSGKQ-UHFFFAOYSA-N,CCOc1ccc(S(=O)(=O)N(CC(=O)Nc2cc(C)on2)Cc2ccccc2Cl)cc1
IKJFDJLQPHDRTD-ISYVNWANSA-N,CC[C@H]1C[C@@H]2C[C@H]3c4[nH]c5ccc(OC)cc5c4CC[N@@](C2)[C@@H]13.Cl
RGTKBZBFZSVKLZ-UHFFFAOYSA-N,CC(C)CN(CCCNC(=O)CN1N=C(c2ccccc2)CCC1=O)CC(C)C
MPDFMYRBKDKUKC-UHFFFAOYSA-N,CCc1cc2c(cc1N1CCC(N3CCN(C(=O)CCOCCOCCNc4cccc5c4C(=O)N(C4CCC(=O)NC4=O)C5=O)CC3)CC1)C(C)(C)c1[nH]c3cc(C#N)ccc3c1C2=O
ZCCKEVCADASSSM-UHFFFAOYSA-N,CC(O)c1cccc(NC(=O)C2CCCCC2)c1
QEDUANQJMUCQRJ-UHFFFAOYSA-N,CN(Cc1ccccc1F)C(=O)CN1CCN(S(=O)(=O)c2ccc3c(c2)OCCCO3)CC1
KMLNVYUKYBOEGN-UHFFFAOYSA-N,Cc1cccc(N2CCN(C(=O)CCCCCn3c(=S)[nH]c4ccc(N5CCOCC5)cc4c3=O)CC2)c1C
AXHVAQJODYIXFO-UHFFFAOYSA-N,OCCN(CCO)c1nc2ccccc2[nH]1
NSCYRQTWDJXZNG-UHFFFAOYSA-N,COC(=O)C1=C(N)Oc2cc(C)nc(O)c2C1c1cccnc1
LBQKOLVBCKNFBP-UHFFFAOYSA-N,COc1ccc(C)cc1NC(=O)Nc1cccc(C)c1
FIUDUCQPUKJUHB-UHFFFAOYSA-N,CCCCNCc1cc(Br)c(OCC(=O)NCc2ccccc2)c(OC)c1.Cl
BCQLUFTVCRPODZ-UHFFFAOYSA-M,COc1ccc(Cn2c(-c3ccc(C)cc3)c[n+]3ccccc23)cc1.[Br-]
ZROUQTNYPCANTN-UHFFFAOYSA-N,COc1ccc(CCN(C)CCCC2(c3ccc(OC)c(OC)c3)S(=O)(=O)CCCS2(=O)=O)cc1OC
OCDNGTPNEHVSMA-UHFFFAOYSA-N,CC(C)(C)c1cccc(-c2ccc[nH]c2=O)c1
VWRKPUAXYXGVHK-YBFXNURJSA-N,COc1ccc(/C=N/NC(=O)C(C)n2nnc3ccccc32)cc1OC
KLMJMJCMHNFFTP-UHFFFAOYSA-N,COC(=O)c1c(SC)nc2ccccc2c1OCc1cccc(C)c1
NXINHUNNPLATCI-UHFFFAOYSA-N,COc1cc(C#Cc2sc(NC(=O)NCCOCC3CC3)nc2C)cnc1OC
KDXMKTNMKGKCQD-UHFFFAOYSA-N,NC(=O)C(NC1CCC(c2c[nH]c3ccccc23)CC1)C1CCN(C(=O)Nc2ccc(OC(F)(F)F)cc2)CC1
DSYIHAGYTDJTNX-CYBMUJFWSA-N,COc1cc2c3c(c4ccc(O)cc4c2cc1OC)C[C@H]1CCCN1C3
LAQLCZKPJGMFRM-BJKOFHAPSA-N,CC(C)=CCc1cc([C@H]2Oc3c(ccc(O)c3CC=C(C)C)C(=O)[C@@H]2O)ccc1O
YZQADYQMEREVHM-UHFFFAOYSA-N,COC(=O)c1ccccc1-c1ccc2c(c1)CCC2NC(=O)C1(NC(=O)C(F)(F)F)CC1
JCVSYWFXBGHWIT-UHFFFAOYSA-N,COc1cccc(C(=O)Nc2cc(S(=O)(=O)N3CCCCC3)ccc2OC)c1
DEZXZRTWVQDZCS-UHFFFAOYSA-N,O=C(Nc1cc(S(=O)(=O)N2CCCCC2)ccc1Oc1ccccc1)C1=COCCO1
GZGWASQYURNJLM-HUUCEWRRSA-N,CCOC(=O)N1C=CC(C)=C[C@@H]2[C@@H](N3C(=O)c4ccccc4C3=O)C(=O)N21
JYMXYNCNTYQZBI-UHFFFAOYSA-N,COc1cccc(OC)c1OCCCSc1nc(C)cc(O)n1
HJFWZNLUJDRROD-UHFFFAOYSA-N,O=[N+]([O-])c1ccc2c(c1)Cc1cc(Cl)ccc1-2
VRPJIFMKZZEXLR-UHFFFAOYSA-N,CC(C)(C)OC(=O)NCC(=O)O
CIXDGGFTDWCMLK-UHFFFAOYSA-N,Cc1ccc(NC(=O)Cn2cc(C(=O)C3CCCCC3)c3ccccc32)c(C)c1
MFLPTNSPWVMAAU-UHFFFAOYSA-N,COc1ccc(C)cc1NS(=O)(=O)c1ccc(Br)s1
OAYFBDCWIKYBAY-VLGSPTGOSA-N,Cn1nc(-c2ccc(C(N)=O)cc2)s/c1=N\C1CCCCC1O
TYQMOIOXSPFZDQ-UHFFFAOYSA-N,CC1(C)CCC(CN2CCN(c3ccc(C(=O)NS(=O)(=O)c4ccc(NCC5(N)CCOCC5)c([N+](=O)[O-])c4)c(Oc4cc5cc[nH]c5cc4F)c3)CC2)=C(c2ccc(Cl)cc2)C1
YNSCYOBZGPPEEP-QFIPXVFZSA-N,Cc1cc2c3c(c1)C(c1ccccc1)=N[C@@H](NC(=O)c1c(Cl)cncc1Cl)C(=O)N3CC2
IWRPJACIGPZZSD-UHFFFAOYSA-N,CCOC(=O)c1sc(NC(=O)CNC(=O)Cn2cnc3sc(C)c(C)c3c2=O)nc1C
QCNUQZOJWJEVSM-IBGZPJMESA-N,CCC[C@H](Nc1cc(C)nc(-c2ccc(NC(=O)NCC)c(OC)c2)n1)c1cccnc1
WEHXHLWOWGEINY-ZDQMOETHSA-N,CCCCCCCC/C=C\CCCCCCCC(=O)N[C@@H](CCCCN)CN(CC(N)=O)C(=O)CCCN
KPXTWHYAWJDFLL-HBWSCVEGSA-N,C[C@H](NC(=O)/C=C/c1ccccc1F)c1cccc(-n2cncn2)c1
RQIUJKJPQZDZJX-UHFFFAOYSA-N,COc1cc2c(-c3ccccc3)c(C)oc2cc1CN1CCN(Cc2ccccc2)CC1
DOVZOBMYWGMKJK-UHFFFAOYSA-N,Cc1ccc2[nH]c(C(=O)O)c(NC(=O)CN3CCN(c4cccc(C)c4C)CC3)c2c1
NYMXIKPEDWDOQL-KSVBBAIVSA-N,CO[C@H]1CC[C@]2(CC1)Cc1ccc(Br)cc1C21N=C(C)C(N)=N1
FIUMRHWFGDBICI-UHFFFAOYSA-N,COCCN(CC(=O)NCc1ccc2c(c1)OCO2)C(=O)CCC(=O)Nc1nccs1
JOAIHMFYBJKALC-SNVBAGLBSA-N,N#CN1CC[C@@H](NC(=O)c2cc(-c3ccccn3)[nH]n2)C1
ZSEBEKGQCODPJX-UHFFFAOYSA-N,CC(Sc1nc2ccccc2s1)C(=O)N1CCOCC1
WVNOOGQICZKEHR-UHFFFAOYSA-N,Cc1cccc(NC(=O)c2cc(-c3cc(Cl)ccc3O)[nH]n2)c1
WNZRCEWKKLZFBQ-UHFFFAOYSA-N,Cc1nc(NCc2ccco2)c2oc3ccccc3c2n1
LFZLNXLFNFFFOP-UHFFFAOYSA-N,COc1ccc(Cl)cc1NC(=O)CN(C)C(=O)Cc1nnc(O)c2ccccc12
LAHHCZHSXZLMBT-UHFFFAOYSA-N,O=S(=O)(c1ccc(Cl)cc1)c1nc(-c2ccco2)oc1N1CCOCC1
GGKNWMLKBDFJRK-UHFFFAOYSA-N,NC(=O)N(O)C1CCc2cccc(Oc3ccccc3)c21
NRFRKRXQLASGDG-UHFFFAOYSA-N,COc1ccc(-c2nn(C)c(=O)c3ccccc23)cc1NC(=O)COc1ccc(C)cc1
VZVWTEWVLPWRKA-UHFFFAOYSA-N,CCC1(c2ccccc2)N=C(S)N(c2ccc(C)cc2)N1
ZVDOBXMNWGTMPK-UHFFFAOYSA-N,CCN(CC)C(=O)C1CCN(S(=O)(=O)c2ccc(C3CNC(=O)C3)cc2)CC1
NFZOKCOPHDPOAA-UHFFFAOYSA-N,CCOc1ccc(-n2c(SCC(=O)Nc3ccc(OC)cc3OC)nc3c(c2=O)SCC3)cc1
GFJCSGQSLYDWTR-UHFFFAOYSA-N,COc1ccc(C)cc1S(=O)(=O)N1CCN(C(=O)c2ncoc2-c2cccc(C)c2)CC1
NPLMDAHZTABXQO-UHFFFAOYSA-N,COCCn1c(N)c(S(=O)(=O)c2cccs2)c2nc3ccccc3nc21
BFNYDDPQMKYKKJ-YFKPBYRVSA-N,CCOC(=O)[C@H](C)NC(C)=O
VJWZPFRDVGCOOZ-UHFFFAOYSA-N,O=C(O)c1cc(=O)[nH]c2c1CCC2
ILKDWZKZLIHMFM-UHFFFAOYSA-N,CC(C)(C)n1nc(-c2ccc3ccccc3c2)c2c(N)ncnc21
GNOTUAWMHPDIBN-WEXWRLDCSA-N,CS(=O)(=O)O.O=C(NC[C@H]1CC[C@]2(CC1)OO[C@]1(O2)C2CC3CC(C2)CC1C3)C(=O)N1CCNCC1
OKCFMHBLEHJWHD-UHFFFAOYSA-N,CCOc1ccccc1C1CC(=O)Nc2cc(C)c(C)cc21
XJEXHFHSAMIEJG-UHFFFAOYSA-N,O=C(c1ccc(Cl)c(S(=O)(=O)N2CCc3ccccc3C2)c1)N1CCN(c2ccccc2)CC1
FGNTZMWOEYXGLV-UHFFFAOYSA-N,Brc1ccc(COc2ncnc3[nH]cnc23)cc1
VLTDHUGFPUWSEE-UHFFFAOYSA-N,COC(=O)C1CCN(CC(=O)Nc2cc(C)c3c(=O)oc4ccccc4c3n2)CC1
BCZAVYVHCOLHTM-UHFFFAOYSA-N,COc1ccc(C)cc1S(=O)(=O)n1cnc2ccccc21
VYLKLJZMIJRQBL-UHFFFAOYSA-N,O=C(NCc1ccc(F)cc1)OCCCc1c[nH]cn1
WIHTVZXBANYSJS-UHFFFAOYSA-N,CCc1ccc(C(=O)COC(=O)c2cccnc2Cl)cc1
GJQZOUJNYQMXIN-UHFFFAOYSA-N,CNC(=S)N(Cc1ccc(OC)cc1)C1CC(=O)N(c2ccc(OC)cc2)C1=O
HWTZEFZZYJYWAH-UHFFFAOYSA-N,O=C(NO)C(c1ccccc1)c1c(-c2cccc3ccccc23)[nH]c2ccccc12
OHSYNASUNTWEJQ-UHFFFAOYSA-N,COc1ccc(OC)c(NC(=O)c2ccc(-c3nc(CSc4ccccc4)c(C)o3)cc2)c1
XYKAFLOPHZEIMS-UHFFFAOYSA-N,Fc1cncc(-c2nc3cc(F)c(Cl)cc3n2C2CC2)c1
DPVVEVXZYYKSOL-UHFFFAOYSA-N,OC(CN1c2cccc(-c3cccc(OC(F)(F)F)c3)c2CCC1c1ccc(OC(F)(F)C(F)F)cc1)C(F)(F)F
NXEVMWHFSSQBGY-UHFFFAOYSA-N,Nc1ncnc2c1sc1cc(-c3cccc(NC(=O)N4CCCC4)c3)ccc12
VZNCWYDRVUCASS-SFHVURJKSA-N,Cc1cc(-c2n[nH]c3cc(NC(=O)N[C@@H](CO)c4ccccc4)ncc23)ccn1
NFMHMVXBZASJAQ-UHFFFAOYSA-N,COc1cc(C(C)=O)ccc1OCCCN1CCC(C(O)(c2ccccc2)C2CCCCC2)CC1.Cl
UXCIDQWZTDUWCG-UHFFFAOYSA-N,CC(C)N1C(=O)NC(c2ccccc2)(c2ccccc2)C1=O
VIUIHCNTOLSYJT-UHFFFAOYSA-N,O=C1NCC(c2ccccc2)C12CCN(C1CCCCC1c1ccc(F)cc1)CC2
OKJAQAXBTWOCKM-UHFFFAOYSA-N,O=c1c2c(oc(O)c1C(c1cccc(NS(=O)(=O)c3cccc(C(F)(F)F)c3)c1)C1CC1)CCCCCC2
KBXNHBUWZZOSDM-UHFFFAOYSA-N,O=C(Nc1ccc2nc3n(c(=O)c2c1)CCCC3)c1cc([N+](=O)[O-])ccc1F
UBOOSSZYGIMOKF-UHFFFAOYSA-N,CS(=O)(=O)N1CCN(S(=O)(=O)c2ccccc2[N+](=O)[O-])CC1
CHCPPNZISMLBDN-UHFFFAOYSA-N,Cc1ccnc(-c2nc3cnccc3c(N3CC(C)(C)c4ncc(N5CCOCC5)cc43)c2C)c1
DFJCIWVIVSIGPJ-UHFFFAOYSA-N,CCc1c(C)sc(NC(=O)c2ccccc2)c1C(=O)OC
UCKMAYAEGOOXBZ-UHFFFAOYSA-N,Cc1nc2ccccc2cc1OCc1ccc(F)cc1
KGAKDPHZVCFPJM-UHFFFAOYSA-N,Cc1ccc(NC(=O)NNC(=O)c2cc3ccccc3cc2O)c(C)c1
NLIMSVDJUDMWHZ-BJLQDIEVSA-N,CC(=O)N1C[C@@H](c2ccsc2)[C@@H]2CN(Cc3ccccc3Cl)CC[C@@H]21
HRIRPABJGUUAAP-UHFFFAOYSA-N,CCOC(=O)c1c(-c2ccc(OC)cc2)oc2ccc(OCc3ccccc3C)cc12
QQNBNRKLJSPBKX-UHFFFAOYSA-N,Cn1cnnc1C(O)(c1ccc(Cl)cc1)c1ccc2c(c1)c(-c1cccc(Cl)c1)cc(=O)n2C
JGUNVLAWEAPEAA-UHFFFAOYSA-N,Cc1ccc(OS(N)(=O)=O)cc1
JBFGWMOZDAJXAU-UHFFFAOYSA-N,Cn1c(SC2CCCCC2=O)nnc1-c1ccccc1F
GQTJSAKJPXYNHI-UHFFFAOYSA-N,CCc1ccc2oc(=O)cc(CN(C)Cc3ccccc3)c2c1
IGKXIXVYXAOSAC-UHFFFAOYSA-N,O=C(Nc1ccc(C2CCNCC2)cc1)c1ccc(Cl)cc1
KFCJIZORNFTGBV-UHFFFAOYSA-N,O=c1oc2ccccc2c2c1SC(C(F)(F)F)C2
BCCBBFDXEPUOFF-SZPZYZBQSA-N,Cc1cc(C)c2oc(Nc3ccc(-c4nn([C@H]5CC[C@@H](N6CCN(C)CC6)CC5)c5ncnc(N)c45)cc3F)nc2c1
DNHZIQUHIDDATB-UHFFFAOYSA-N,Cc1cc(OCc2nc(-c3ccc(OC(C)C)nc3)c(-c3ccc(OC(F)(F)F)cc3)o2)ccc1OCC(=O)O
YJMCLZCSFUBDQP-UHFFFAOYSA-N,O=C(Nc1ccc(S(=O)(=O)N2CCOCC2)cc1)c1ccc([N+](=O)[O-])s1
DOOYVVYEJQFZSU-CALDQEJYSA-A,CC(=O)N[C@H]1[C@H](O[C@@H]([C@H](O[C@@H]2O[C@@H](C)[C@@H](OS(=O)(=O)[O-])[C@@H](OS(=O)(=O)O)[C@@H]2O)[C@@H](O)CO)[C@H](O)C(=O)[O-])O[C@H](COS(=O)(=O)[O-])[C@H](OS(=O)(=O)[O-])[C@@H]1O[C@@H]1O[C@H](C(=O)[O-])[C@@H](O[C@@H]2O[C@H](COS(=O)(=O)[O-])[C@H](OS(=O)(=O)[O-])[C@H](O[C@@H]3O[C@H](C(=O)[O-])[C@@H](O[C@@H]4O[C@H](COS(=O)(=O)[O-])[C@H](OS(=O)(=O)[O-])[C@H](O[C@@H]5O[C@H](C(=O)[O-])[C@@H](O[C@@H]6O[C@H](COS(=O)(=O)[O-])[C@H](OS(=O)(=O)[O-])[C@H](O[C@@H]7O[C@H](C(=O)[O-])[C@@H](O[C@@H]8O[C@H](COS(=O)(=O)[O-])[C@H](OS(=O)(=O)[O-])[C@H](O[C@@H]9O[C@H](C(=O)[O-])[C@@H](O[C@@H]%10O[C@H](COS(=O)(=O)[O-])[C@H](OS(=O)(=O)[O-])[C@H](O[C@@H]%11O[C@H](C(=O)[O-])[C@@H](O[C@@H]%12O[C@H](COS(=O)(=O)[O-])[C@H](OS(=O)(=O)[O-])[C@H](O[C@@H]%13O[C@H](C(=O)[O-])[C@@H](O[C@@H]%14O[C@H](COS(=O)(=O)[O-])[C@H](OS(=O)(=O)[O-])[C@H](O[C@@H]%15O[C@H](C(=O)[O-])[C@@H](O[C@@H]%16O[C@H](COS(=O)(=O)[O-])[C@H](OS(=O)(=O)[O-])[C@H](O[C@@H]%17OC(C(=O)O)=C[C@H](O[C@@H]%18O[C@@H](C)[C@@H](OS(=O)(=O)[O-])[C@@H](OS(=O)(=O)O)[C@@H]%18O)[C@H]%17O)[C@H]%16NC(C)=O)[C@H](O[C@@H]%16O[C@@H](C)[C@@H](OS(=O)(=O)[O-])[C@@H](OS(=O)(=O)O)[C@@H]%16O)[C@H]%15O)[C@H]%14NC(C)=O)[C@H](O[C@@H]%14O[C@@H](C)[C@@H](OS(=O)(=O)[O-])[C@@H](OS(=O)(=O)O)[C@@H]%14O)[C@H]%13O)[C@H]%12NC(C)=O)[C@H](O[C@@H]%12O[C@@H](C)[C@@H](OS(=O)(=O)[O-])[C@@H](OS(=O)(=O)O)[C@@H]%12O)[C@H]%11O)[C@H]%10NC(C)=O)[C@H](O[C@@H]%10O[C@@H](C)[C@@H](OS(=O)(=O)[O-])[C@@H](OS(=O)(=O)O)[C@@H]%10O)[C@H]9O)[C@H]8NC(C)=O)[C@H](O[C@@H]8O[C@@H](C)[C@@H](OS(=O)(=O)[O-])[C@@H](OS(=O)(=O)O)[C@@H]8O)[C@H]7O)[C@H]6NC(C)=O)[C@H](O[C@@H]6O[C@@H](C)[C@@H](OS(=O)(=O)[O-])[C@@H](OS(=O)(=O)O)[C@@H]6O)[C@H]5O)[C@H]4NC(C)=O)[C@H](O[C@@H]4O[C@@H](C)[C@@H](OS(=O)(=O)[O-])[C@@H](OS(=O)(=O)O)[C@@H]4O)[C@H]3O)[C@H]2NC(C)=O)[C@H](O[C@@H]2O[C@@H](C)[C@@H](OS(=O)(=O)[O-])[C@@H](OS(=O)(=O)O)[C@@H]2O)[C@H]1O.[Na+].[Na+].[Na+].[Na+].[Na+].[Na+].[Na+].[Na+].[Na+].[Na+].[Na+].[Na+].[Na+].[Na+].[Na+].[Na+].[Na+].[Na+].[Na+].[Na+].[Na+].[Na+].[Na+].[Na+].[Na+].[Na+].[Na+].[Na+].[Na+].[Na+].[Na+].[Na+].[Na+].[Na+].[Na+].[Na+].[Na+]
XIDHNMBDXJJOCG-SNVBAGLBSA-N,CC(C)N(C)C[C@@H](C)NC(=O)c1ccc(-c2noc(C(F)(F)F)n2)cc1F
YGDYDGDROSOSDT-UHFFFAOYSA-N,CCCCc1nc2ccn(Cc3ccc(C(=O)O)cc3)c(=O)c2n1Cc1ccc(-c2ccccc2-c2nnn[nH]2)cc1
CUDNDLOSFNIVSP-UHFFFAOYSA-N,COc1cccc(CSc2nc3ccccc3c3nc(CCn4c(C)nc5ccccc54)nn23)c1
SREAMDWXJDJVAN-UHFFFAOYSA-N,CC1(C)CCC(CN2CCN(c3ccc(C(=O)NS(=O)(=O)c4ccc(NCCCN5CCNC(=O)C5)c([N+](=O)[O-])c4)c(Oc4cc5cc[nH]c5cc4F)c3)CC2)=C(c2ccc(Cl)cc2)C1
UTDKYCKNIKXHGW-UHFFFAOYSA-N,O=C(NCCCCn1ccnc1)NCC1(c2ccccc2)CC1
WHXRRRKHSVIMTA-UHFFFAOYSA-M,CCCCCCCCCCCCCCCC(=O)C[N+](C)(C)CCCO.[Br-]
JXSFHRATUOVPCZ-UHFFFAOYSA-N,O=C(CC1CCCCC1)Nc1cccc(-c2n[nH]c3ccc(-c4nc[nH]n4)cc23)c1
CEWFYUOIDMFKFN-UHFFFAOYSA-N,C=CCN1CC(c2nc3ccccc3n2Cc2cccc3ccccc23)CC1=O
RPHQQQUBGVAYGH-UHFFFAOYSA-N,CC(N)C(=O)c1ccco1
FYDJBMXQJDAQQD-UHFFFAOYSA-N,Cc1nn(-c2ccccc2)c(C)c1C(=O)NNC(=O)C(F)(F)F
RDIZFHYTFVBBCX-UHFFFAOYSA-N,CCn1cc(-c2ccnc3[nH]c(CNCCCN4CCN(C)CC4)cc23)c(-c2ccc(NC(=O)Nc3ccccc3)cc2)n1
WNDKKMPYAWKWKR-UHFFFAOYSA-N,Cc1nn(C)c(C(=O)NC(C)CN2CCOCC2)c1Br
WPTYOJVFRZMDBQ-NKFKGCMQSA-N,COc1ccc(C(=O)/C(Cc2ccc(OC)c(F)c2)=C(\C(=O)O)c2ccc3nsnc3c2)cc1
PTDLDMXOZGCGOC-UHFFFAOYSA-N,CCOc1ncccc1C(=O)Nc1ncc(C)s1
TUWBNXLXLIDTMV-VZNYXHRGSA-N,COC(=O)N[C@H](C(=O)N1CCC[C@H]1C(=O)Nc1ccc(-c2ccc(NC(=O)[C@@H]3CCCN3C(=O)[C@@H](NC(=O)OC)C(C)(C)C)cc2)cc1)C(C)(C)C
BMEHDVOBZOEISJ-PIGZYNQJSA-N,[C-]#[N+]c1ccc(N[C@@H](c2nnc(-c3cccc(O)c3)o2)[C@@H](C)O)c(C)c1Cl
QYLZFFVSZPHIMA-UHFFFAOYSA-N,CN1CCN(c2cccc(Nc3ncc4c(=O)c(C(N)=O)cn(-c5ccc6c(c5)CCC6)c4n3)c2)CC1
JYBWWPZSBZAWOW-UHFFFAOYSA-N,Cc1ccc(NC(=O)C(NC2CCCC2)c2ccccc2)cc1Cl
FUMCKRUUMLCKOY-UHFFFAOYSA-N,CS(=O)(=O)N(CC(=O)NCc1ccc2c(c1)OCO2)c1ccccc1
GKQXPTHQTXCXEV-UHFFFAOYSA-N,SCc1ccc(Cl)cc1
CTVHFEWYCVIRFB-TWGQIWQCSA-N,COc1ccc(/C=C2\SC(=O)N=C2N)cc1
REUQLOXIHQTSBK-CAOOACKPSA-N,NC(=O)c1ccc(/N=C/c2cc([N+](=O)[O-])ccc2Cl)cc1
HQRXUHNDNXQYCV-UHFFFAOYSA-N,O=C(Nc1ccc(Br)cc1C(=O)O)c1ccc(-c2ccccc2)cc1
BFDDTHIVJSUWSS-UHFFFAOYSA-N,Cn1nc(C(F)(F)F)c(-c2cccc(C(F)(F)F)c2)c1NC(=O)c1ccco1
GGJXJFPROZQMRY-BMRADRMJSA-N,CC1=Nc2nnnn2C(c2cccnc2)/C1=C(\O)OCc1ccccc1
SXJUUBNAKFAGIA-UHFFFAOYSA-N,CC(c1nccs1)c1ccc(O)cc1O
GFLSKNPRHIWYPP-UHFFFAOYSA-N,COc1cccc(OC)c1C1CCCCC(=O)N1Cc1cccc(-c2nccs2)c1
UTFQXBYKOKPXKI-UHFFFAOYSA-N,CCNC(=O)NC(=O)C(C)Sc1nc2ccccc2n1CC(C)C
XBUXXJUEBFDQHD-SFTDATJTSA-N,O=C(O)c1ccc([C@@H]2C[C@H]2c2ccc(OCc3c(-c4c(Cl)cccc4Cl)noc3C3CC3)cc2Cl)cc1
PYPPBQDAASRFLW-DHZHZOJOSA-N,Cc1nn(Cc2ccc(NC(=O)/C=C/c3ccccc3)cc2F)c(C)c1CC(=O)O
GOLIETRHWCWQDD-UHFFFAOYSA-N,Cc1ccc(NC(=O)CN(C)C(=O)COC(=O)c2oc3ccccc3c2C)cc1
MMNFBJNBZHRKDN-UHFFFAOYSA-N,CCCCOC(=O)c1ccc(Nc2nc3ccc(C(=O)c4ccccc4)cc3n3cnnc23)cc1
ITQXBEKUNKTIIO-UHFFFAOYSA-N,CC(=O)Oc1cc(N2C(=O)C=CC2=O)ccc1C(=O)O
FLFRKNLPWITPOU-HKBQPEDESA-N,CN(C[C@H](O)c1cccc(OCc2ccc3ccccc3n2)c1)C(=O)N(c1ccccc1)c1ccccc1
RMTKJFYGWJJRGX-UHFFFAOYSA-N,Cc1ccc(CNC(=O)CCS(=O)(=O)c2cc3c(cc2C)NC(=O)CO3)cc1
XJEAVZYSXGRNQI-JWERODGISA-N,CC(Cc1ccc(CNC(=O)c2cccc(N(C)C(=O)CCN3CCC(OC(=O)Nc4ccccc4-c4ccccc4)CC3)c2)cc1)NC[C@H](O)c1ccc(O)c2[nH]c(=O)ccc12
PNRDAVMZHHAPMX-UHFFFAOYSA-N,c1ccc(Cn2nnnc2C(c2ccc(-n3cccn3)cc2)N2CCCN(C3CCC3)CC2)cc1
DKUMEVDCJXCHDY-UHFFFAOYSA-N,COc1ccc(CCNC(=O)COC(=O)c2cccs2)cc1
BIAJYSDBKZXMRM-UHFFFAOYSA-N,Cc1ccc(S(=O)(=O)NN=c2nc[nH]c3sccc23)cc1
OTXRVPQAZZPSSR-UHFFFAOYSA-N,NC(=O)c1nc(-c2ccncc2)sc1NC(=O)c1cc[nH]n1
CFOAWEGRMUFFPB-UHFFFAOYSA-N,O=C1CCCC2(CCN(c3nc4ccc(Cl)cc4o3)CC2)N1Cc1cccc2[nH]ccc12
FTJWMKLYRIRWMN-UHFFFAOYSA-N,NS(=O)(=O)c1ccc(-n2cc(-c3ccc(Cl)cc3)c3c(Nc4ccc(Cl)cc4)ncnc32)cc1
MUAXWDHYFWDBJL-UHFFFAOYSA-N,O=C1c2ccccc2C(O)(c2ccc3nc(Nc4ccccn4)[nH]c3c2)N1c1cccc(Cl)c1F
VABNPHZNFZWLRX-UHFFFAOYSA-N,O=C(NCCc1ccccc1)c1cc(Cn2cnc3ccccc32)on1
WGLMAMJECPWGGC-UHFFFAOYSA-N,CCn1c(C2CCN(C(=O)COCC(F)(F)C(F)F)CC2)n[nH]c1=O
KSIJSTBYTYFTNJ-UHFFFAOYSA-N,Cc1ccc(C(=O)Nc2ccc3nc(N4CCCC4)sc3c2)cc1[N+](=O)[O-]
GHROVGBMQSTUEC-JRRPXCMVSA-N,CC[C@H](C)[C@H](NC(=O)CNC(=O)[C@H](CCC(N)=O)NC(=O)[C@@H]1CCCN1C(=O)CNC(C)=O)C(=O)N[C@@H](C)C(=O)N[C@@H](CCSC)C(=O)N[C@@H](CCC(N)=O)C(=O)N[C@@H](CC(C)C)C(=O)Nc1ccc(COC(=O)O[C@@H](C(=O)O[C@H]2C[C@@]3(O)[C@@H](OC(=O)c4ccccc4)[C@@H]4[C@]5(OC(C)=O)CO[C@@H]5C[C@H](O)[C@@]4(C)C(=O)[C@H](O)C(=C2C)C3(C)C)[C@@H](NC(=O)OC(C)(C)C)c2ccccc2)cc1
AKWGKFBTIIDLCH-GFCCVEGCSA-N,COCCOC(=O)Nc1n[nH]c2cc(NC(=O)N[C@H](C)c3ccccc3)ncc12
VNBOMQWABBZKEZ-UHFFFAOYSA-N,O=c1[nH]c(S)nc2c1sc(=S)n2-c1ccccc1
QJWQYVJVCXMTJP-UHFFFAOYSA-N,c1cc(N2CCOCC2)ccn1
CHLHSHNLERJUFP-UHFFFAOYSA-N,COc1cccc(NC(=O)CSc2nc(=O)cc(N)[nH]2)c1
OXHSVDPCENOVDV-UHFFFAOYSA-N,CC1Cc2cc(S(=O)(=O)N3CCC(C(N)=O)CC3)ccc2N1C(=O)C1CC1
PBJCYMBHVGSSDO-UHFFFAOYSA-N,Cc1cc(Nc2ccc(F)cc2Cl)n2ncnc2n1
IDLJFNOCKSGJES-MDWZMJQESA-N,N#C/C(=C\c1c[nH]c2ccccc12)c1cccnc1
ZPRKWWRJZRMULN-HNNXBMFYSA-N,CC(=O)N1CC[C@H](n2c(C)nc3ccc(-c4ccncc4)nc32)C1
ZWVRASCQFFHLIN-UHFFFAOYSA-N,Cc1nc2cc(-c3ccccc3)c(-c3ccc(C4(N)CCC4)cc3)nn2c1-c1ccc(F)c(CO)c1
QJHMJRKGSKEGSU-WPWMEQJKSA-N,CC(=O)Nc1ccc(S(=O)(=O)N(CCc2ccccc2)CC(=O)N/N=C/c2ccc(C(=O)O)cc2)cc1
QLFQBMDXKHYFGU-UHFFFAOYSA-N,CC(C)=Cc1cc(-c2cnn(C(CO)CO)c2)c2c(c1)C(O)(C(F)(F)F)c1ccccc1-2
NHIVXANMOMOPQC-IKOFQBKESA-N,CCC(CN1CC[C@@H](NC(=O)CNC(=O)c2cccc(C(F)(F)F)c2)C1)N1CCN(C(=O)c2ccccc2)CC1
QWJTXMYNNGWLQK-UHFFFAOYSA-N,O=S(=O)(c1ccc(F)cc1)N1CCCCC1c1cccnc1
WYONQEKTSMEJPL-UHFFFAOYSA-N,Nc1ncnc(N2CCN(C(CN3CCC3)c3ccc(F)cc3Cl)CC2)c1-c1cn[nH]c1
WXHHNROKLOXZLJ-UHFFFAOYSA-N,Cc1nnsc1C(=O)Nc1nnc(COc2ccccc2)o1
HVUPQILWJSHBRJ-UHFFFAOYSA-N,COCCCN(C)Cc1ccc2c(c1)OCO2
JZVUAWGNWBCWQD-UHFFFAOYSA-N,COc1ccc(C2CC(=O)C3=C(C2)NC(C)=C(C(=O)OC(C)C)C3c2ccc(F)cc2)cc1
CUYDXPRHXMAKMH-UHFFFAOYSA-N,O=C(NCc1ccc(OC(F)(F)F)cc1)C1c2ccccc2C(=O)N1CCN1CCOCC1
BIAWUOWXCKMKAK-BUHFOSPRSA-N,CCN(CC(=O)Nc1ccc(NC(C)=O)cc1)S(=O)(=O)/C=C/c1ccccc1
ZEXMADZDTRAFFL-UHFFFAOYSA-N,COc1ccc(C(=O)COC(=O)c2ccc(O)cc2)cc1
NBBVWOUKQASSBS-NLFYJDKNSA-N,COC1=C(S[C@@H]2O[C@H](COC(C)=O)[C@@H](OC(C)=O)[C@H](OC(C)=O)[C@H]2OC(C)=O)C(=O)c2c(O)c(C)c(C)c(O)c2C1=O
QZWCOWSNHGLTJD-SXGWCWSVSA-N,O=c1nc(/N=C\N2CCCC2)ccn1C1CC(F)C(CO)O1
JHTQMCZQGCQEIJ-UHFFFAOYSA-N,O=C(Nc1ccccn1)C1(n2cnnn2)CCCCC1
HZASRDBGACKKPC-UHFFFAOYSA-N,CCN(CC(=O)Nc1ccccc1OC)CC(=O)Nc1c(Cl)ccc(C)c1Cl
CFLVXSRETZWIJZ-UHFFFAOYSA-N,Cc1cc(-c2nc3ncccc3o2)ccc1NC(=O)c1ccc(Cl)cc1
ARFWMLHGXYAFDZ-UHFFFAOYSA-N,CC(C)N1CCN(C(=O)c2ccc3cc(Oc4ccc(C(F)(F)F)cn4)ccc3n2)CC1
FEGLFVRECWOKJL-UHFFFAOYSA-N,CCOc1ccc(CCNC(=O)Cc2ccc(NC(=O)C3=C(C)OCCS3)cc2)cc1
WMOHBKWSVHOJQV-UHFFFAOYSA-N,COc1ccc(-n2c(=S)[nH]c3cc(C(=O)NCCCN4CCCC4=O)ccc3c2=O)cc1
JUPDSHZKJASQPD-UHFFFAOYSA-N,CC(C)(C)OC(=O)N1CCC(c2c(C(=O)N3CCN(c4ccc(Cl)cc4)CC3)cnn2-c2ccc(F)cc2F)CC1
LVOXAJYEGVDSQA-UHFFFAOYSA-N,O=C1C=CC2(Oc3cccc4cccc(c34)O2)c2cccc(O)c21
YBSZXIUKDXSGSC-UHFFFAOYSA-N,Cc1cc(C)[n+]2nc(C)n(C)c2n1
XBWOPCRTPIMXSA-UKFGXMPHSA-N,CCN(CC)CCCNc1[nH]cc(C)c2nc3ccncc3c1-2.O=C(O)/C=C\C(=O)O.O=C(O)/C=C\C(=O)O.O=C(O)/C=C\C(=O)O
WRRZWDSPRAYBPJ-UHFFFAOYSA-N,COCCCNCCCOc1ccc(Cl)cc1Br
XIHOJUYAGODVFH-VGSWGCGISA-N,Cc1ncoc1-c1nnc(SCCCN2CC[C@]3(C[C@@H]3c3ccc(F)cc3F)C2)n1C
HPQBNEWIILZGOM-UHFFFAOYSA-N,CN(C)C(=N)c1[nH]nnc1SCc1ccccc1
NRGLKTBQCVQKFX-UHFFFAOYSA-N,Cc1cccc(OCCN2CCC(c3ccnn3CCO)CC2)c1
DWYPPIGSSKJBOL-UHFFFAOYSA-N,O=C1C(Cc2c[nH]c3ccccc23)NC(=S)N1Cc1ccccc1
XZAVUMMLYOPMOP-UHFFFAOYSA-N,O=C1COc2c(cccc2C(=O)N2CCCC(n3cccn3)C2)N1
GSJRIJNVASEMGE-FQEVSTJZSA-N,COc1cc(-c2nc3n(n2)CCO[C@H]3c2ccccc2C(F)(F)F)ccc1-n1cnc(C)c1
LDLXEOQIDWEIGF-UHFFFAOYSA-N,Cc1cnc(C(CC(=O)O)c2cc(Cl)cc(-c3cccnc3)c2)s1
XIPZPRABMHQBIB-UHFFFAOYSA-N,Cc1cn(Cc2ccc(Cl)cc2)c2c(=O)n(CCCO)c(=O)n(C)c12
ADGPNLCKGSWYFU-XUZZJYLKSA-N,CN(CCCc1ccc(F)cc1)C[C@@H]1CCCC[C@H]1NC(=O)Nc1cccc(-c2nnnn2C)c1
JDORRWMUAYXTNT-NRFANRHFSA-N,Cc1cc2nc([C@@H](CNC(=O)c3c(C)cc(-n4cnnc4)cc3Cl)c3ccccc3)[nH]c2cc1C
XKUIHBSDHMESFS-YBFXNURJSA-N,CC(C)c1ccc(/C=C(\C#N)c2nc(-c3cc4ccccc4oc3=O)cs2)cc1
MIFGOLAMNLSLGH-QOKNQOGYSA-N,COC(=O)C[C@H](NC(=O)[C@H](C)NC(=O)[C@@H](NC(=O)OCc1ccccc1)C(C)C)C(=O)CF
IKGMUMSDCLTYQW-UHFFFAOYSA-N,N#Cc1cccc(-n2cc(C(=O)OC3CC4COCC(C3)N4)c3ccccc32)c1
GUESCLVRSLZFJI-UHFFFAOYSA-N,COc1ccc(-c2cc(=O)c3cc(F)ccc3o2)cc1OC
WEJSRCIFCXCOOD-UHFFFAOYSA-N,COc1ccc(CC(=O)N2CC(=O)Nc3ccc(Br)cc3C2c2ccc(F)cc2)cc1
YHNAHYDHRLLDLH-UHFFFAOYSA-N,CN(C)S(=O)(=O)c1cccc(NC(=O)CN2C(=O)NC(Cc3ccccc3)C2=O)c1
NKJNUZMKKCLZTG-UHFFFAOYSA-N,Cc1ccc(-c2nc(CC(=O)NCC3CCCN(C(C)C)C3)cs2)o1
FLRAKBZPZXCSQN-PWHKKFIBSA-N,CC(=O)OC(COC(=O)/C=C/c1ccc(O)cc1)COC(=O)/C=C/c1ccc(O)cc1
OUZSDPGVAVPEIT-UHFFFAOYSA-N,CCOC(=O)c1ccccc1NC(=O)Cn1cc(C(=O)c2cccc(OC)c2)c(=O)c2ccc(C)nc21
PSCDTFAJGFDXAO-TZKMECQKSA-N,C[S+](=N)([O-])C[C@@](O)(CC(=O)O)C(=O)O
LGBIHUSMLOCLEH-UHFFFAOYSA-N,Cc1cn(C2CCN(Cc3cc(OCCOC(=O)c4ccc(O)c(O)c4)c4ccccc4n3)CC2)c(=O)[nH]c1=O
KIURZASOWALPRX-HNNXBMFYSA-N,NC1=N[C@@H](CCOc2cccc(OCc3ccccc3)c2)CO1
GDSYIFBWCKEHNL-UHFFFAOYSA-N,CCc1c(C)[nH]c2cc(OCCCO)c(Cl)cc2c1=O
SJUYBIUBENVJHB-UHFFFAOYSA-N,COC(=O)c1ccc(CSc2nc3c([nH]c4ccccc43)c(=O)n2-c2ccc(OC)cc2)o1
HHQFOTIBZBYUKK-UHFFFAOYSA-N,CC1=Nn2cc(-c3ccccc3)nc2SC1c1ccccc1
VULJUBMONLMHMI-UHFFFAOYSA-N,Clc1ccccc1CN1CCC(Nc2cccc3cnccc23)C1
BJXQGXXFAQCKKI-UHFFFAOYSA-N,COc1ccc(CCNC(=O)c2ccnc(C(C)(C)C)c2)cc1OC
JAVRNIFMYIJXIE-UHFFFAOYSA-N,COC(=O)c1ccccc1Cl
HZVFVWUFELETJT-UHFFFAOYSA-N,O=c1c2ccccc2nc(-c2ccccc2)n1CCN1CCOCC1
URAOUHOYUHRSPW-UHFFFAOYSA-N,CNc1nc2cnc(Nc3cccc(N(C)C)c3)cc2n1-c1cc(OC)c(OC)c(OC)c1
LNQKGNFEXBPNNA-UHFFFAOYSA-N,COc1ccc(S(=O)(=O)N2CCCC2)c(C)c1C
DBUQNLFQKPBSES-UHFFFAOYSA-N,C=CC(=O)N1CCC(Oc2cc(NC(=O)c3cccc(C(F)(F)F)c3)ccc2C)CC1
ACTJQYZZPBITSM-UHFFFAOYSA-N,COc1ccc(CN2CCCCCC2c2cccs2)c(OC)c1
PNKNUPFXGPLFMS-UHFFFAOYSA-N,Cc1cc(C)c(-c2[nH]c(C(C)C)nc2C#N)cc1C(=O)N1CC(F)(c2ccc(C#N)cc2)C1
WNSYCMPKITTXAY-UHFFFAOYSA-N,O=C(CC(S)C(F)(F)F)NC(Cc1ccc(O)cc1)C(=O)O
FHHRJWWSYATCJT-UHFFFAOYSA-N,CCn1c(S)nnc1-c1ccc2ncccc2c1
GFCPFOLXOGNGQK-UHFFFAOYSA-N,O=C(Cc1coc2ccc3ccccc3c12)Nc1nccs1
DGJDNKYGKLFFGQ-UHFFFAOYSA-N,CC(=O)c1ccc(OC(C)C)c(CSC(=N)N)c1
CZIHNRWJTSTCEX-UHFFFAOYSA-N,CC(=O)Nc1ccc2c(c1)Cc1ccccc1-2
SEEBQQVQQLBJNQ-UHFFFAOYSA-N,O=C1CCC(N2Cc3c(OCc4ccc(CN5CCN(c6ccccn6)CC5)cc4)cccc3C2=O)C(=O)N1
FBZDZCYWFSKGQK-NZQKXSOJSA-N,CC(C)(C)NCc1ccc2c(c1)OCC[C@H]2NC(=O)C[C@@H]1CCCN1S(=O)(=O)c1cccc(C(F)(F)F)c1
UBCZMKNXPWCKQP-UHFFFAOYSA-N,CN1CC(c2ccc(NC(=O)c3nc(C#N)c[nH]3)c(C3=CCCCC3)c2)CN(C)S1(=O)=O
ISOQFKNACONZRF-UHFFFAOYSA-N,CC(C)(C)C(=O)C(Cc1ccccc1Cl)n1cncn1
IZMHLKVDHNLYEA-UXHICEINSA-N,Cc1nn([C@H](C)c2ccc(Cl)cc2Cl)c2nc(N3CC([C@H]4CCCN(CCNS(=O)(=O)C(C)C)C4)C3)cnc12
FFUYSUUDPLJAKW-UHFFFAOYSA-N,N#C/N=C(\NCc1ccc(S(=O)(=O)c2cccc3cccnc23)cc1)Nc1ccncc1
BYGCFGMQARCSMY-UHFFFAOYSA-N,Cc1sc2ncnc(N3CCOCC3)c2c1C
PJKONPPORNPMMA-UHFFFAOYSA-N,Cc1noc(C)c1C(=O)Nc1nc(-c2ccc(F)cc2)cs1
UVDCYHIAXYKQBS-UHFFFAOYSA-N,COc1ccc(NC(=O)c2cc(-c3ccc(F)cc3)no2)cc1OC
CHMIQKBMAHSAPY-UHFFFAOYSA-N,O=C(CSc1nc2ccccc2c(=O)[nH]1)NCc1ccccc1
JWHSVWAPKZRWGX-UHFFFAOYSA-N,O=c1oc2ccccc2n1CCCN1CCN(C2CCCCC2)CC1
UUVMQFDPZIBODP-UHFFFAOYSA-N,O=S(=O)(NC1CCN(S(=O)(=O)c2c(F)cccc2F)C1)c1ccc2c(c1)OCCO2
MIKQDQMGJFMIAZ-UHFFFAOYSA-N,CC(C)NC(=O)N(c1ccc(S(C)(=O)=O)cc1)C(C)c1cccc(-c2cc(C(C)(C)S(C)(=O)=O)cc3cccnc23)c1
MMPDMRMUKXXBSV-UHFFFAOYSA-N,COc1cc2c(c(OC)c1OC)-c1ccc(=O)c(OC)cc1C(NC(=O)C(F)(F)F)CC2
NRTIFBHAILBNPE-UHFFFAOYSA-N,CCc1nc(Nc2ccc3c(c2)OCCO3)c2oc3ccccc3c2n1.Cl
LTUPPWUCUBRYNV-FQEVSTJZSA-N,COc1ccncc1-c1c(C)sc2c(NC[C@@H](N)Cc3ccccc3)nc(-c3ccncc3)nc12
ZOWKHCXTMFZMNX-UHFFFAOYSA-N,Cc1ccccc1CS(=O)(=O)CC(N)=O
FVLZMQMEPBMCND-UHFFFAOYSA-N,COc1ccc(N(CC(=O)NC2CCCCCCC2)S(=O)(=O)c2c(C)nn(C)c2C)cc1
BXXRPCNUDSKNRX-UHFFFAOYSA-N,CC(=O)Nc1nc2cc(-c3nn(Cc4cc5cccc(C)c5c(=O)n4-c4ccccc4)c4ncnc(N)c34)ccc2s1
HFMIJJQDYXCDRR-UHFFFAOYSA-N,O=P(O)(O)C(Nc1nc2ccccc2[nH]1)P(=O)(O)O
MFIYERXCKARFAC-UHFFFAOYSA-N,O=C1c2ccccc2C(Nc2cccc(C(F)(F)F)c2)N1Cc1ccco1
URHPJPZXUYCWLX-UHFFFAOYSA-N,Cc1cc(=O)n2ncc(C(=O)Nc3ccccc3)c2[nH]1
LFIQVKLNAVCFNU-UHFFFAOYSA-N,CN(C)C(=O)Oc1ccc2ccccc2c1Br
COGYVXXYNZYDDT-UHFFFAOYSA-N,CN(Cc1ccccc1Br)C(=O)CSc1nnnn1C1CC1
GVOKGFGBSIFGMC-UHFFFAOYSA-N,CCOC(=O)N1CCN(C(=O)c2cc(-n3cnnc3)ccc2Cl)CC1
AJVYLWLDHYCIML-UHFFFAOYSA-N,Cn1c(C(=O)N2CCCC(C(=O)N3CCN(C(=O)c4ccco4)CC3)C2)cc2sccc21
SSVZYCKKDAEJTE-UHFFFAOYSA-N,COc1ccc(-c2nc(CN3CC(n4cccn4)C3)no2)cc1
QXKMXHIEDCVLCW-YCRREMRBSA-N,COc1ccc(/C=C/C(=O)N2CCN(c3ccc(F)cc3)CC2)cc1N
FZWYHBPGWPDQNR-IYJPBCIQSA-N,C=CCOc1ccc2c(c1[C@H]1C[C@@H]1CN)CCO2.Cl
FWOGTDBCMLLECF-UHFFFAOYSA-N,O=S(=O)(c1ccc2sccc2c1)c1cc(Cl)c2oc3c(c2c1)CNCC3
JLICHNCFTLFZJN-HNNXBMFYSA-N,CC[C@]1(c2cccc(O)c2)CCCCN(C)C1
CXQYYROFFWGQCQ-UHFFFAOYSA-N,COc1cccc(N2C(=O)C3ON(c4ccccc4)C(c4cccs4)C3C2=O)c1
ONQXZIFTDHVLNB-UHFFFAOYSA-N,CCOc1ccc(N(CC(=O)N2CCCCC2)S(=O)(=O)c2ccc(Cl)cc2)cc1
MEWBRORRZUJPJW-UHFFFAOYSA-N,COc1ccc2nccc(-n3cc4c(n3)CCN(C(=O)c3ccc5c(c3)NC(=O)CS5)CC4)c2n1
FDBZDXTUWGEFQA-UHFFFAOYSA-N,Nc1c(C(=O)O)c(O)nc2ncccc12
JWUKHWFEGGTYHI-UHFFFAOYSA-N,Cc1cccnc1NC(=O)c1cccc(S(=O)(=O)NCc2ccccc2)c1
MPBNINRUWNYLCI-UHFFFAOYSA-N,CCn1c(=O)cc(C2CC2)c2cc(-n3c(-c4ccc(C(F)(F)F)cc4)c[nH]c3=O)ccc21
WKZMDSFPIAKAHU-UHFFFAOYSA-N,Nn1c(SCC(=O)NCc2ccc3c(c2)OCO3)nnc1C1CC1
SIZLYHVFGJCQJB-BBBNYMBOSA-N,NC(=O)c1nn([C@@H]2O[C@H](CO)[C@@H](O)[C@H]2O)c2ncnc(N)c12
ZBYKMVJICXNZFU-UHFFFAOYSA-N,CCCc1nnc2c(=O)n(CC(=O)Nc3ccc(C#N)cc3)c3ccccc3n12
WIPBFLKTVQUYGG-UHFFFAOYSA-N,Cc1cccc2nc(-c3cccnc3-n3ccnc3)oc(=O)c12
NYBYLHAKGMXBDP-RIYZIHGNSA-N,O=C(CNC(=O)/C(Cc1ccc(O)c(Br)c1)=N/O)NO
CKTZOJVTOQFJDM-FBCYGCLPSA-N,O=C(N/N=C/c1ccc(C(F)(F)F)cc1)c1cnccn1
JXQJSSYSAMMEIF-UHFFFAOYSA-N,O=C(NCCc1cc2cc(c1)CNC(=O)c1coc(n1)-c1coc(n1)-c1cc(Br)cc(n1)-c1nc(co1)-c1nc(co1)C(=O)NC2)OCc1ccccc1
XPYNUNXETUDBQI-UHFFFAOYSA-N,O=C(Nc1ccc(N2CCOCC2)c(S(=O)(=O)Nc2ccccc2Cl)c1)c1ccccc1
TWZCGJMESKTQPL-UHFFFAOYSA-N,CCN(CC)CCCN1Cc2cc(OC)c(OC)cc2-c2ccc3cc4c(cc3c21)OCO4
DGDISGPTQDNJPR-UHFFFAOYSA-N,c1ccc2c(c1)CCC2CN1CCN(c2cccc3c2OCCO3)CC1
PSFBPXQGKNHFBM-UHFFFAOYSA-N,CC(=O)Nc1ccc(C(=O)Nc2nnc(C)s2)cc1
HJCZLRZFWYHELU-UHFFFAOYSA-N,C=CCN(C(=O)CNC(=O)c1ccco1)C(C(=O)NC1CCCCC1)c1ccc(OC)cc1
SYVJXXZZXDPIAY-UHFFFAOYSA-N,CCC(Oc1cccc(C)c1)C(=O)Nc1ccccc1C(=O)N1CCOCC1
MLTOLDZKRRZLDR-UHFFFAOYSA-N,CC(O)c1cc2c3ccccc3nc-2c[nH]1
ONJCGOKTNJHZLI-UHFFFAOYSA-N,COc1ccccc1NC(=O)C1CCCCC1
XJWGGICMAGRMSX-UHFFFAOYSA-N,O=C(CSC1=NCCN1)C1COc2ccccc2O1
GJKDLKPKTFRLIP-UHFFFAOYSA-N,CCN(CC)c1cc2c(cc1F)c(=O)c(S(=O)(=O)c1ccc(C)cc1)cn2Cc1ccc(F)cc1
MONIOGAQYVKPEI-UHFFFAOYSA-N,CCCN(CCCc1ccc(F)cc1)Cc1ccc(N)c(I)c1
RAPRAYGBHMEHMH-RLACGHOJSA-N,COC[C@H]1CN[C@H](C)CN1CC(=O)N1C[C@@](C)(c2cc(C)no2)c2ccc(Cc3ccccc3)cc21
FEMBIFRXUOMPNV-UHFFFAOYSA-N,O=C(c1ccc([N+](=O)[O-])cc1)c1ccc(N2CCOCC2)c([N+](=O)[O-])c1
SVHNBQHGEVBAHB-UHFFFAOYSA-N,O=C(NCc1nnc(S)n1-c1ccc(Br)cc1)c1ccc(S(=O)(=O)N2CCCC2)cc1
NWOADXGWGHKNKK-UHFFFAOYSA-N,CCN(c1ccccc1)S(=O)(=O)c1ccc(C(=O)Nc2nnc(C3CC3)o2)cc1
XBNWFIVVQWDZDK-YMFFAKLASA-N,CC(C)OC(=O)[C@H](C)NP(=O)(OC[C@H]1O[C@@H](n2ccc(N)nc2=O)[C@](C)(N)C1O)Oc1ccccc1
KHVUROJZSDEUSP-UHFFFAOYSA-N,CNC(=O)C(Sc1nnc(Nc2ccc(C(C)C)cc2)s1)C(C)=O
VUWMDLRKEQUSPZ-XUUWZHRGSA-N,C[C@H]1O[C@H](CO)[C@@H](O)[C@H](O)[C@H]1O
BLLMVEDDZNZJGA-GMKKJQEXSA-N,CC[C@H](C)[C@H](NC(=O)[C@@H](NC(=O)[C@H](CCCNC(=N)N)NC(=O)[C@@H]1CCCN1C(=O)[C@H](CCCCN)NC(=O)[C@H](CCCNC(=N)N)NC(=O)[C@H](Cc1ccccc1)NC(=O)[C@H](Cc1ccccc1)NC(=O)[C@H](CCCCN)NC(=O)[C@H](CCCCN)NC(=O)[C@@H](NC(=O)[C@H](CCCNC(=N)N)NC(=O)[C@H](CCCCN)NC(=O)[C@H](CCCCN)NC(=O)[C@@H](NC(=O)[C@H](CO)NC(=O)[C@H](CC(N)=O)NC(=O)[C@H](CCCCN)NC(=O)[C@H](CC(C)C)NC(=O)[C@H](CCCCN)NC(=O)[C@H](CCCCN)NC(=O)[C@H](Cc1ccccc1)NC(=O)[C@H](Cc1ccccc1)NC(=O)[C@H](CCCCN)NC(=O)[C@H](CCCCN)NC(=O)[C@H](Cc1ccccc1)NC(=O)[C@H](CCCNC(=N)N)NC(=O)[C@@H](N)CCCCN)C(C)C)C(C)C)C(C)C)C(=O)NCC(=O)N[C@H](C(=O)N[C@H](C(=O)N[C@@H](Cc1ccccc1)C(=O)N1CCC[C@H]1C(=O)N[C@@H](Cc1ccccc1)C(N)=O)[C@@H](C)O)C(C)C
ZFODTVHJGBCNSI-BQYQJAHWSA-N,CC1=C/C(=N/O)CCC1
OGUUUXPDVRKQID-UHFFFAOYSA-N,Cc1ccc2cccc(OC(=O)c3ccc4c(c3)OCCO4)c2n1
PPJRGLDUXCYWQR-NRFANRHFSA-N,O[C@H]1CCCN(C2CCN(c3ccc(Nc4ncc5c6ccncc6n(C6CCCC6)c5n4)nn3)CC2)C1
JVNLRHWTXLASPW-UHFFFAOYSA-N,Cc1c(C(=O)Nc2ccc(Oc3ncnc4[nH]cc(-c5ccccc5)c34)c(F)c2)c(=O)c2cc(F)ccc2n1C
MEEDWVBLFZVSIA-UHFFFAOYSA-N,NC(=O)c1cccc2[nH]c(-c3cccc(NCCN4CCCC4)n3)nc12
YVNWJVBYLAVLEP-UHFFFAOYSA-N,O=C(NC1CCCC1)c1noc(-c2ccc(C(F)(F)F)cc2)c1Br
QAYJLVRQNJBQDM-UHFFFAOYSA-N,CC(C)(C)n1nnnc1C(c1cccs1)N1CCN(Cc2ccccc2)CC1
OJIRUCBFCNKXQL-ADAARDCZSA-N,OC[C@H]1S[C@@H](c2ccc(Cl)c(Cc3ccc4c(c3)OCCO4)c2)[C@H](O)[C@@H](O)[C@@H]1O
MBJJUARRKREUHY-IFRROFPPSA-N,CN(/N=C/c1cc(Br)cc(Br)c1O)c1cccc(C(F)(F)F)n1
MJDJADPLQWCSOJ-UHFFFAOYSA-N,O=C(c1ncco1)C1CCN(Cc2cc3ccccc3s2)CC1
XYUFOHCGCWFZAK-UHFFFAOYSA-N,O=C(NO)c1ccc(CNC(=O)c2cc(Cn3c4ccccc4c4ccccc43)on2)cc1
OQFWBVRHRZBDPK-UHFFFAOYSA-N,N#Cc1ccc2sn(-c3ccc(Cl)cc3)c(=O)c2c1
OXWJAGUCBGEUKV-UHFFFAOYSA-N,COCCNS(=O)(=O)c1ccc(-c2ccc(S(=O)(=O)NCCOC)cc2)cc1
XSBCIGNGRQCXNX-PDGQHHTCSA-N,CCOC(=O)/C(=C\c1cccc(F)c1)C1=Nn2c(nnc2-c2ccc(OC)cc2)SC1
XRBJNXCMRTYYAF-UHFFFAOYSA-N,COc1cc(NC(=O)c2noc3c2CC(C(C)(C)C)CC3)cc(OC)c1OC
ZRRZCDIHCHFDRR-BJQOMGFOSA-N,C[C@@H](CN1CCC2(CC1)C(=O)NCC2c1ccc(F)cc1)NC(=O)c1ccc(F)cc1
BRNRQJYJONRNPD-UHFFFAOYSA-N,CCCN(CCC)C(=O)CC(c1ccc(F)cc1)c1ccco1
GSQCRPFGOPNVJK-WZYWGQKZSA-N,CC1(C)O[C@H]2[C@@H](O1)[C@@H](C(=O)Nc1ccccc1C(F)(F)F)O[C@@H]1OC(C)(C)O[C@@H]12
FBTUTNLMLMBDCC-UHFFFAOYSA-N,Cc1ccc(NC(=O)COC(=O)C2CC2)c(Br)c1
IWWUWMOSSXPMBA-UHFFFAOYSA-N,CCCOCCCCCCCCCCCC(=O)O
NZCCKKOANLHWDZ-UHFFFAOYSA-N,COc1cc(OC)cc(N(CC#Cc2cc(C)ccn2)c2ccc3ncc(-c4cnn(C)c4)nc3c2)c1
PKNWIXBMKGDKEX-UHFFFAOYSA-N,COC1C(=O)N(c2ccc(C#Cc3ccccc3)cn2)CC1(C)C
MTDDTEIOSISFOK-UHFFFAOYSA-N,OCCC1CN(Cc2cccn2-c2ccccn2)CCN1C1CCCC1
AIONOLUJZLIMTK-UHFFFAOYSA-N,COc1ccc(C2CC(=O)c3c(O)cc(O)cc3O2)cc1O
ZHEHVZXPFVXKEY-MWOZDUBJSA-N,CCCCCCOC(=O)[C@@]1(O)C[C@H]2O[C@]1(C)n1c3ccccc3c3c4c(c5c6ccccc6n2c5c31)C(=O)NC4
BQGHNNRRDLZNDB-UHFFFAOYSA-N,Cc1[nH][nH]c(=O)c1C(c1ccc(OS(=O)(=O)c2ccc(F)cc2)cc1)c1c(C)[nH][nH]c1=O
XPCYBGWWHFUSLQ-UXOAXIEHSA-N,O=C(CCCSCC[C@H]1NC[C@@H](O)[C@H](O)[C@H]1O)N1CCOCC1
INTRMZVYAODVMS-UDWUOZNQSA-N,C[C@H]1CCCN1C1CC[C@H](c2ccc(NS(=O)(=O)c3ccc(F)cc3)cc2)C1
XWQVIRPOXLKSPD-YRNVUSSQSA-N,C(=N/CC1CCCO1)\c1ccco1
XMJRGVHBPVBNOE-INIZCTEOSA-N,O=C(COC(=O)[C@@H]1CCCN1C(=O)c1cccs1)NCCc1ccccc1
VQLUIPPOGYKKSA-UHFFFAOYSA-N,CCS(=O)(=O)Nc1ccc(Oc2ccc(F)cc2F)c(-c2cn(C)c(=O)cc2OC)c1
KFUSUVLQCFOFJW-JTQLQIEISA-N,C=CS(=O)(=O)N1CC[C@H](NS(=O)(=O)c2c(C(N)=O)[nH]c3ccc(Br)cc23)C1
NLAOBMPBIQQZBH-HTYBHQDGSA-N,O=C(O)/C=C/c1ccc(/C(=C(\c2ncccc2Cl)C2CCC2)c2ccc3[nH]nc(F)c3c2)cc1
NFUUVUMVEOXIIG-UHFFFAOYSA-N,COC(=O)C(C)N(Cc1ccc(C(N)=O)cc1)C1CC1
JSPXITPXMRLRIW-UHFFFAOYSA-N,Nc1ncnc(Nc2ccc(Oc3ccc(Cl)cc3)cc2)n1
AQBZCCQCDWNNJQ-AUSIDOKSSA-N,COc1cc2c(cc1OC)[C@]1(O)C(=O)c3ccc4c(c3O[C@@H]1CO2)C=CC(C)(C)O4
LKGDXBYCYSZFCJ-QXUAQYQBSA-N,Cc1cn([C@@H]2O[C@@]3(COP(=O)(O)OP(=O)(O)OP(=O)(O)O[C@H]4C[C@H](n5cc(C)c(=O)[nH]c5=O)O[C@@H]4COP(=O)(O)O[C@H]4C[C@H](n5cnc6c(=O)[nH]c(N)nc65)O[C@@H]4COP(=O)(O)O[C@H]4C[C@H](n5cnc6c(N)ncnc65)O[C@@H]4COP(=O)(O)O[C@H]4C[C@H](n5cnc6c(=O)[nH]c(N)nc65)O[C@@H]4COP(=O)(O)O[C@H]4C[C@H](n5cc(C)c(=O)[nH]c5=O)O[C@@H]4COP(=O)(O)O[C@H]4[C@@H](O)[C@H](n5cnc6c(=O)[nH]c(N)nc65)O[C@@H]4COP(=O)(O)O[C@H]4[C@@H](O)[C@H](n5cnc6c(N)ncnc65)O[C@@H]4COP(=O)(O)O[C@H]4C[C@H](n5cnc6c(=O)[nH]c(N)nc65)O[C@@H]4COP(=O)(O)O[C@H]4C[C@H](n5cc(C)c(=O)[nH]c5=O)O[C@@H]4COP(=O)(O)O[C@H]4C[C@H](n5cnc6c(N)ncnc65)O[C@@H]4COP(=O)(O)O[C@H]4C[C@H](n5cnc6c(N)ncnc65)O[C@@H]4COP(=O)(O)O[C@H]4C[C@H](n5cnc6c(=O)[nH]c(N)nc65)O[C@@H]4COP(=O)(O)O[C@H]4C[C@H](n5cc(C)c(=O)[nH]c5=O)O[C@@H]4COP(=O)(O)O[C@H]4C[C@H](n5cnc6c(=O)[nH]c(N)nc65)O[C@@H]4COP(=O)(O)O[C@H]4C[C@H](n5cnc6c(N)ncnc65)O[C@@H]4COP(=O)(O)O[C@H]4C[C@H](n5cnc6c(=O)[nH]c(N)nc65)O[C@@H]4COP(=O)(O)O[C@H]4C[C@H](n5cc(C)c(=O)[nH]c5=O)O[C@@H]4COP(=O)(O)O[C@H]4C[C@H](n5cnc6c(=O)[nH]c(N)nc65)O[C@@H]4COP(=O)(O)O[C@H]4C[C@H](n5cnc6c(N)ncnc65)O[C@@H]4COP(=O)(O)O[C@H]4C[C@H](n5cnc6c(=O)[nH]c(N)nc65)O[C@@H]4COP(=O)(O)O[C@H]4C[C@H](n5cc(C)c(=O)[nH]c5=O)O[C@@H]4COP(=O)(O)O[C@H]4C[C@H](n5cc(C)c(=O)[nH]c5=O)O[C@@H]4COP(=O)(O)O[C@H]4C[C@H](n5cnc6c(=O)[nH]c(N)nc65)O[C@@H]4COP(=O)(O)O[C@H]4C[C@H](n5ccc(N)nc5=O)O[C@@H]4COP(=O)(O)O[C@H]4C[C@H](n5cnc6c(=O)[nH]c(N)nc65)O[C@@H]4COP(=O)(O)O[C@H]4C[C@H](n5cnc6c(=O)[nH]c(N)nc65)O[C@@H]4CO)COC2[C@@H]3O)c(=O)[nH]c1=O
DBUIDELURWLCSA-UHFFFAOYSA-N,Cc1cc(C(=O)Nc2cc(Oc3ccc4nc(NC(=O)C5CC5)cn4n3)ccc2Cl)n(C)n1
MWXURIQYBAQSNT-UHFFFAOYSA-N,Cc1ccc(C(=O)c2sc3[nH]c(=O)c(C(=O)O)cc3c2N)cc1
GTPUEIXKLQUDEJ-CSKARUKUSA-N,COc1cc(/C=C/C(=O)Oc2cc(C)ccc2C(C)C)cc(OC)c1OC
BTEHIPJESULEPO-UHFFFAOYSA-N,CC(C)NC(=O)Cn1cc(OCc2ccc(F)cc2)c(=O)cc1CO
WYJLOZRDKXRUBO-UHFFFAOYSA-N,Cc1nn(Cc2nc3ccccc3s2)c(C)c1S(=O)(=O)N(C)Cc1ccco1
IQOIFVALVZGMDY-UHFFFAOYSA-N,CCOC(=O)c1c(N)sc2c1CCC1C(=O)N(C3CCCCC3)C(=O)C21
VJBMCCFSVUTZLN-UHFFFAOYSA-N,CC(=O)Nc1ccc(NC(=O)c2cc(-c3ccc(F)cc3C)[nH]n2)cc1
YGRCSAYPDUNOMP-UHFFFAOYSA-N,COc1cccc(-c2cnc3c(NC(C)=O)cc(-c4ccc(C(=O)N5CCOCC5)cc4)cn23)c1
DLJSKNGWXBCOQL-GZTJUZNOSA-N,CC/C(C)=N/N1C(=O)c2ccccc2NC1(C)CC
VBZYBVZLUCGERA-UHFFFAOYSA-N,CC(=O)Nc1ccc(CCNC2CCN(CCCc3c[nH]c4ccc(-n5cnnc5)cc34)CC2)cc1
UHZGHFWQRWABSH-FPBQJAJTSA-N,COc1ccc(NC(=O)CC[C@@H](C)[C@H]2CC[C@H]3[C@@H]4[C@H](O)C[C@@H]5C[C@H](O)CC[C@]5(C)[C@H]4C[C@H](O)[C@]23C)c(OC)c1
CFGBXHUICXICQZ-UHFFFAOYSA-N,COc1cccc(Cn2c(N)c(C#N)c3nc4ccccc4nc32)c1OC
GRBOMFRQGGVBLV-UHFFFAOYSA-N,CN(C)CCn1c(NCc2ccc3c(c2)OCO3)nc2ccccc21
XPKGKOVSNDTPQQ-UHFFFAOYSA-N,c1ccc(CSc2ncnn2Cc2ccccc2)cc1
JBDRSBHLCJIJDR-ZCIWVVNKSA-N,Nc1ncnc2c1ncn2[C@@H]1O[C@H](COS(=O)(=O)NC(=O)CCCCCCCCCCOc2ccc(Cl)cc2)[C@@H](O)[C@H]1O
QJMRRCCYVJFYLS-UHFFFAOYSA-N,N#CC(c1ccccc1)c1ccc(C(=O)c2ccc(F)cc2)cc1
RVNQVLKSRHANIY-VIODNGCUSA-N,COc1ccc(/C=C/C(=O)C[C@@H]2OC[C@H](C[C@@H]3O[C@H]3[C@@H](C)[C@H](C)O)[C@@H](O)[C@H]2O)cc1
CBUIAPJURMBJNZ-UHFFFAOYSA-N,CC1CC(C)CN(C(S)=Nc2ccc3nc4n(c(=O)c3c2)CCCCC4)C1
RRXINUQMKRNCMF-UHFFFAOYSA-N,CCCCNC(=O)COC(=O)c1ccc(SC)cc1OC
VMIRJRCLRKNZMF-UHFFFAOYSA-N,CCCCc1c(C(=O)NCc2cnc(C)n2C)cnn1-c1ncc(C)c(-c2cccs2)n1
XUYLBXFZMBUHLJ-UHFFFAOYSA-N,Cc1ccc(OCC(=O)Nc2ccc(C(=O)c3c(C)nc4sccn34)cc2)c(C)c1
AGIMVGZHZFGCPC-UHFFFAOYSA-N,Cc1cc(S(=O)(=O)Nc2cccnc2)c(Cl)cc1Cl
ARIWKXMOXGLFME-UHFFFAOYSA-N,O=c1cc(CSc2ccccc2)c2ccc(O)cc2o1
AZRRIHPQIGSCFR-UHFFFAOYSA-N,CCOC(=O)C1CCCN(C(=O)c2cc(Cl)ccc2NC(=O)C2=C(C)OCCS2)C1
OLAQKCJJMNVLHQ-UHFFFAOYSA-N,CC(NS(=O)(=O)c1ccc(OCC(=O)N2CCCC2)cc1)c1ccccc1
VMGMBMKDGCPCOA-UHFFFAOYSA-N,Clc1cccc(-c2nc3ccc(N4CCCCC4)nc3o2)c1
KHNYNFUTFKJLDD-UHFFFAOYSA-N,c1ccc2c3c(ccc2c1)-c1cccc2cccc-3c12
OEGGNPPJVBTLGR-SFQUDFHCSA-N,C/C(=N\NC(=O)c1ccccc1C)c1cccnc1
JMQZNOXDUCVFRY-UHFFFAOYSA-N,CCn1c(-c2nonc2N)nc2cnc(Oc3cccc(NC(=O)c4ccc(CN(C)C)cc4)c3)cc21
XJRRZOUVJXOGHR-UHFFFAOYSA-N,CSCCC(NC(=O)COc1ccccc1)C(=O)NCc1cccs1
YYCFEJVBMMGRLX-BTLNAVNBSA-N,C[C@H]1CC[C@@]2(OC1)O[C@H]1C[C@H]3[C@@H]4CC[C@H]5C[C@@H](O[C@@H]6O[C@H](CO)[C@H](O[C@@H]7O[C@H](CO)[C@@H](O)[C@H](O[C@@H]8OC[C@@H](O)[C@H](O)[C@H]8O)[C@H]7O[C@@H]7OC[C@@H](O)[C@H](O)[C@H]7O)[C@H](O)[C@H]6O[C@@H]6O[C@@H](C)[C@H](O)[C@@H](O)[C@H]6O)CC[C@]5(C)[C@H]4CC[C@]3(C)[C@H]1[C@@H]2C
NSKFUKOVLGRMFV-UHFFFAOYSA-N,CC1=Nc2c(F)cc(-c3nc(Nc4ccc(C5CCN(CCO)CC5)cn4)ncc3F)cc2C12CCCC2
INJHEFDAWOMEAM-UHFFFAOYSA-N,O=C(CSc1nnc(-c2ccccc2Br)o1)N1CCc2ccccc2C1
WITUJHXPONLPNG-BKUYFWCQSA-N,Fc1c(F)c(F)c(/C(Cl)=N/Nc2ccccc2)c(F)c1F
KOPPQNKTLPWVND-OAHLLOKOSA-N,c1ccc(CN2CC[C@@H](n3cnc4cnc5[nH]ccc5c43)C2)cc1
OQMPXUMLSSAPAM-UHFFFAOYSA-N,Cc1ccc(C=Cc2ccc(N(C)C)cc2)[n+](C)c1
FRJBYYSVHFFYTE-UHFFFAOYSA-N,NC(=O)CCCCCc1ccc(Cn2cc(Br)c(=O)[nH]c2=O)cc1
QQHJDPROMQRDLA-UHFFFAOYSA-N,O=C(O)CCCCCCCCCCCCCCC(=O)O
HQPWCQVWXSZLDC-UHFFFAOYSA-N,Cc1noc(C)c1C(=O)OCC(=O)NC1CC1
WXHUVNMFRYCSGQ-UHFFFAOYSA-N,CN1CCOC(CNc2cc(NC(=O)N3CCCc4cc(C(F)F)c(C=O)nc43)ncc2C#N)C1
WIKGAEMMNQTUGL-SNVBAGLBSA-N,CN1C(=O)N[C@H](Cc2c[nH]c3c(Cl)cccc23)C1=O
CDAANMFWIWNGIT-UHFFFAOYSA-N,Cc1noc(NS(=O)(=O)c2ccc3cccc(N(C)C)c3c2)c1C
ICAISFJGTSPGIP-UHFFFAOYSA-N,O=C(Nc1ccc(F)cc1)C1CC(=O)n2c(nc3ccccc32)N1
HNMDQDBTOHJNGX-UHFFFAOYSA-N,O=C(Nc1nnc(COc2ccc(Cl)cc2)s1)c1ccc([N+](=O)[O-])cc1
LUGTVGPNJYNEQL-UHFFFAOYSA-N,COc1cc(CNc2ncc(-c3ccc(Br)cc3)n2C)cc(OC)c1OC
BTIKBNRXWBVMSS-UHFFFAOYSA-N,Cc1c(C)c2cnc(Nc3ccc(N4CCNCC4)cc3)nc2n(C2CCCC2)c1=O
DMOOXBVIMYQNBE-UHFFFAOYSA-N,CCCCOSSOCCCC
QLWTTZVIGSBMGZ-UHFFFAOYSA-N,O=C(CN1CCN(c2ccccc2)CC1)c1c[nH]c2ccccc12
VZGUTBFEENNBKX-UHFFFAOYSA-N,O=C(O)CCCc1ccc2c(c1)C(=O)c1ccccc1CO2
ZNSXHPAUQOBJKS-UHFFFAOYSA-N,CC(=O)COc1nc2c(c(-c3ccco3)c1C#N)CCc1ccccc1-2
GENUYQNIXNCRSZ-UHFFFAOYSA-N,Cc1noc(NS(=O)(=O)c2ccc(NC(=O)c3ccc(OC(C)C)cc3)cc2)c1C
KVALBXFAZBUEOV-UHFFFAOYSA-N,O=C(CN(C(=O)c1csnn1)c1cccc(F)c1)NCc1ccc2c(c1)OCO2
KOLXLTBKVQMYHE-UHFFFAOYSA-N,CCOC(=O)C(=O)Nc1ccc(Oc2ccccc2)cc1
UFBQLRQSOAVVAL-UHFFFAOYSA-N,Cc1cnc(NC(=O)C2(C)CCN2C(=O)C(C)C)s1
FNGYWEOKIDDPSP-UHFFFAOYSA-N,CCN1CCC(NC(=O)Cc2ccccc2F)CC1
BRCITODEJQWUIL-UHFFFAOYSA-N,CCOC(=O)c1c(C(C)(C)C)oc2ccc(O)cc12
MYDQWZFSUDJBQW-UHFFFAOYSA-N,O=c1[nH]nc(-c2cccc(C3CC3)c2)o1
OWCTYKZHWXUBEE-LDADJPATSA-N,COc1cc(/C=N/NC(=O)CCc2ccccc2)ccc1O
CELYMPNBUOGKMD-UHFFFAOYSA-N,Nc1cccc2c1CC(N1CCC(c3ccccc3)CC1)C(O)C2
QTGFENVBUCAVBP-UHFFFAOYSA-N,Cc1cccc2sc(N(Cc3cccnc3)C(=O)CCc3ccccc3)nc12
UKOMPFPDYVJYDJ-UHFFFAOYSA-N,CC(C)c1ccc(NC(=O)c2ccc(F)c(S(=O)(=O)N3CCc4ccccc43)c2)cc1
WJVNWVPAGDRBSY-XZOQPEGZSA-N,CC(C)[C@@H](CNc1ccc(OC(F)(F)F)cc1)NC(=O)[C@@H](CC(=O)N1CCOCC1)c1ccc(Cl)cc1
DHKKAIFDHMMGOY-UHFFFAOYSA-N,COc1ccc2nc(N3C(=O)c4ccccc4C3=O)sc2c1
GSSGKJSERKFSTO-UHFFFAOYSA-N,COc1ccc(CNS(=O)(=O)c2ccc(C3CNC(=O)C3)cc2)cc1
JJXWIXOUYRXGJG-NCYQSSKLSA-N,O=C(NC1C=CC=CN1)N[C@@H]1CCCC[C@H]1CN1CCC[C@@H](Cc2ccc(F)cc2)C1
HGUPNPBJRNMJIH-UHFFFAOYSA-N,Cn1cc(-c2noc(CN)n2)c2ccccc21
KNWDGZUFTMYBGN-UHFFFAOYSA-N,CC1CC(N(C(=O)C2CC2)c2ccccc2)c2ccccc2N1C(=O)C1CC1
OQJJHOINEPRSJL-UHFFFAOYSA-N,COc1ccccc1CNCc1ccc(C)cc1
XBZBKXMBGYHROW-UHFFFAOYSA-N,Nc1ccccc1Nc1cc(-c2ccc(Cl)cc2)nn1-c1ccccc1
FWWIFRYGVBJYNO-UHFFFAOYSA-N,CC(O)(C#Cc1cc2c(cc1F)OCCn1cc(C(N)=O)nc1-2)C(=O)N1CC(F)(F)C1
MSDCCXVIKFIKBG-UHFFFAOYSA-N,CCc1ccc(-c2nn(CC(=O)NC3CCCCC3)c3c2cnc2ccc(OC)cc23)cc1
HHXZJVFGMGHRIH-XYOKQWHBSA-N,C/C(=C\C(=O)c1ccc(Cl)cc1)NCc1ccc2c(c1)OCO2
RSMHDVYJLCPVNY-UHFFFAOYSA-N,Cc1ccc(-c2nc(C(N)=O)c(N)o2)cc1
WWQPIFQZIAUQGU-IRXDYDNUSA-N,CCCCc1cc(C[C@H]2CNCC[C@H]2CC(=O)N2CCCCC2)no1
CFEIFAHHTBGVOG-UHFFFAOYSA-N,N=C(CN)NCCC(=O)O
CTFRSMCCTGNKFV-KPZJPCGCSA-N,COc1ccc(/C=C2\C(=N)N3N=C(CC(=O)N4CCOCC4)SC3=NC2=O)cc1
PVHJPNFUKRNFTR-UHFFFAOYSA-N,CCSc1nnc(NC(=O)c2cccn(Cc3ccccc3Cl)c2=O)s1
PQCKEXVRJLHDRR-UHFFFAOYSA-N,CCCCNS(=O)(=O)c1cccc(S(=O)(=O)N2CCCC2)c1
NYPIBVQWIWWODX-UHFFFAOYSA-N,Cc1cccc(C#CCOc2ccc(Cl)cc2)n1
NQSVGJXSBNNJME-UHFFFAOYSA-N,CCOc1ccc(S(=O)(=O)Nc2ccc(S(=O)(=O)N3CCCCC3)cc2)cc1
HKODPZBPODONGO-UHFFFAOYSA-N,O=C(Nc1cc(Br)c(O)c(Br)c1)c1ccccc1
LKXLWJRLYRFVNW-MRXNPFEDSA-N,COc1ccc(-c2c(C)nc3c(N4CC[C@@H](NS(C)(=O)=O)C4)cc(C)nn23)cc1OC
IYABHUIHDMKBJV-UHFFFAOYSA-N,O=C(c1ccc(Br)cc1NS(=O)(=O)c1cccc2scnc12)N1CCCCC1
DLUVFFWVZPGVJW-UHFFFAOYSA-N,Cn1c(=O)c2ccc(C(=O)Nc3cccc(C(=O)Nc4cccc(C(F)(F)F)c4)c3)nc2n(C)c1=O
MFPOKXPVCMWRDN-UHFFFAOYSA-N,CCc1c(C)sc(NC(=O)CN2CCN(C(=O)c3ccco3)CC2)c1C(=O)OC
YBWIVXPYNCSJKS-SCTDSRPQSA-N,C[C@H]1C[C@H](c2cc3cccc(F)c3s2)CCN1C[C@H](O)COc1cccc2[nH]ccc12
TXMIOBGEEHTBRF-UHFFFAOYSA-N,COC(=O)CNC(=O)CNC(=O)OCc1ccccc1
MAHPSWUDXFWZQD-UHFFFAOYSA-N,CCn1ccnc1CN1CCN(CCOc2cccc(C#N)c2)CC1
VEBMPHJSYOZKLP-UHFFFAOYSA-N,COCCNC(=O)C1(C)CCN(C(=O)c2cc(-c3ccccc3)cs2)C1
LTXUQGNDYGUYMC-KBPBESRZSA-N,COc1cc2c(Nc3ccc(Br)c(Cl)c3Cl)ncnc2cc1OC[C@@H]1CN2CCC[C@H]2CO1
RKUNBYITZUJHSG-IIAWOOMASA-N,CN1[C@@H]2CC[C@@H]1CC(OC(=O)[C@H](CO)c1ccccc1)C2
AIRSTPORSSNMJT-UHFFFAOYSA-N,CC(C)(C)NC(=O)C(c1ccc(F)cc1)N(Cc1ccco1)C(=O)CCC(=O)Nc1nccs1
TYYGENMUJKVMPL-UHFFFAOYSA-N,O=C1C=C(NCCO)C(=O)C=C1NCCO
BLIQOVYHHIMMDV-UHFFFAOYSA-N,COc1ccc(OCC(O)CON2C(=O)c3ccccc3C2=O)cc1
ZUZHOIFLFDUHDL-UHFFFAOYSA-N,CCOC(=O)Cc1nc(C2CCCCC2)oc1-c1ccco1
SXLRVUYLYFNPIP-UHFFFAOYSA-N,CC(=O)NCc1ccc(F)c(CCNC(=S)Nc2ccc(Br)cn2)c1F
JAAJQSRLGAYGKZ-JTQLQIEISA-N,O[C@H]1CCCc2ccccc21
JYTOOTKIPLDGIJ-UHFFFAOYSA-N,Cc1ccc(C(=O)NC2CCN(S(=O)(=O)c3ccc(C)cc3)CC2)cc1
FZYPSCWQRUZING-UHFFFAOYSA-N,CC(C)(C)NC(=O)Nc1ncnc2c1cnn2CCN1CCCCCC1
BKUAISSQPCDMKW-UHFFFAOYSA-N,CC(C(=O)OCC(=O)c1ccccc1)N1C(=O)c2ccccc2C1=O
FMDQBAXOPXWFEH-UHFFFAOYSA-N,COc1cc2ncnc(Nc3ccc(F)c(Cl)c3)c2cc1S(=O)(=O)CCCCCCC(=O)NO
RHGZQGXELRMGES-UHFFFAOYSA-N,CCN(Cc1cc(Nc2nc(C)cn3c(-c4cn[nH]c4)cnc23)sn1)C(C)(C)CO
BMVVKCUUMJVCER-UHFFFAOYSA-N,O=C(NC1=NCCS1)c1sccc1C1CC1
GFNODSKITXADJM-UHFFFAOYSA-N,CCn1cc(NC(=O)OCc2ccc(F)c(F)c2)c2cc(-c3nc(CN4CCC(O)CC4)cs3)ccc21
QVOZSXPZQUDNCZ-UHFFFAOYSA-N,CCCCCCCCN1CCC2(C1)OC(OC)Cc1ccccc12
FZGAIDBGWLGFHE-UHFFFAOYSA-N,CN(CC(=O)N1CCC(COc2ccccc2)CC1)c1cnccn1
NBUBABYXZQXDPT-UHFFFAOYSA-N,CC(C)n1cc(-c2cc(CO)c3c(c2)C(O)(C(F)(F)F)c2ccccc2-3)cn1
FFZKJYGGAQKLOP-UHFFFAOYSA-N,Cn1c(N)c(C(=O)COC(=O)c2ccccc2NCCC2=CCCCC2)c(=O)n(C)c1=O
GLNSZKOJGNEOEX-UHFFFAOYSA-N,Cc1ccc(CSc2nnc(-c3ccncc3)o2)c(C)c1
OESHESOCBOVUGQ-UHFFFAOYSA-N,CS(=O)(=O)c1cccc(-c2nc(N)nc(N)n2)c1
JMNMDKNQWLSFEX-UHFFFAOYSA-N,CCCOC(=O)c1c(NC(=O)CCC(=O)O)sc2c1CCCCC2
MIQYWOCPXXLZGA-UHFFFAOYSA-N,COc1ccc(C2=C(C)C(NCc3ccc(OC(C)C)cc3)=NS2(=O)=O)cc1
AJNJZIKTWGBWRO-UHFFFAOYSA-N,COc1ccccc1-c1nnc(C2CCN(C(=O)c3cccc(C)c3)CC2)o1
GGPCFSHQXLVTSO-UHFFFAOYSA-N,COc1ccc(NS(=O)(=O)c2c(F)c(F)c(F)c(F)c2Br)cc1
TYGJAYYSLQGFTI-UHFFFAOYSA-N,Cc1ccc(S(=O)(=O)Nc2ccc(Cl)cc2C(=O)Nc2ccc([N+](=O)[O-])cc2Cl)cc1
OYDBYYYNYWYNIS-UHFFFAOYSA-N,COc1cccc(-c2cc(Nc3cc(O)cc(O)c3C(=O)N3Cc4cn[nH]c4C3)n(C)n2)c1
FERXXNVCCUNKBX-UHFFFAOYSA-N,COc1ccc2nc(NC(=O)C3CCN(S(=O)(=O)c4cccnc4)CC3)sc2c1
BNCPUXQAUUDPQY-UHFFFAOYSA-N,Cc1ccc(Nc2nc(N)nc(CSc3nccn3C)n2)c(C)c1
GMUVMLWENGMHNR-UHFFFAOYSA-N,O=C1Nc2cc(C(F)(F)F)ccc2C1(O)c1cc(Cl)ccc1O
WQIZXSAJQHOBAW-BTJKTKAUSA-N,Fc1ccccc1N1CC2(CCNCC2)c2ccc(Cl)cc21.O=C(O)/C=C\C(=O)O
JRHSFEMHVXWJQQ-UHFFFAOYSA-N,Cn1cnc([N+](=O)[O-])c1SCC(O)CN1CCCCC1
IXCODNUQTUDMLJ-IGZWIGPKSA-N,CSCCc1nc(N)nc2c1ncn2[C@H]1C[C@H](OP(=O)(O)OC[C@H]2O[C@@H](n3cc(C)c(=O)[nH]c3=O)C[C@@H]2OP(=O)(O)OC[C@H]2O[C@@H](n3cc(C)c(=O)[nH]c3=O)C[C@@H]2OP(=O)(O)OC[C@H]2O[C@@H](n3ccc(N)nc3=O)[C@H](O)[C@@H]2OP(=O)(O)OC[C@H]2O[C@@H](n3cc(C)c(=O)[nH]c3=O)C[C@@H]2OP(=O)(O)OC[C@H]2O[C@@H](n3ccc(N)nc3=O)[C@H](O)[C@@H]2OP(=O)(O)OC[C@H]2O[C@@H](n3ccc(N)nc3=O)[C@H](O)[C@@H]2OP(=O)(O)OC[C@H]2O[C@@H](n3cc(C)c(=O)[nH]c3=O)C[C@@H]2OP(=O)(O)OC[C@H]2O[C@@H](n3cc(C)c(=O)[nH]c3=O)C[C@@H]2OP(=O)(O)OC[C@H]2O[C@@H](n3cc(C)c(=O)[nH]c3=O)C[C@@H]2OP(=O)(O)OC[C@H]2O[C@@H](n3ccc(N)nc3=O)[C@H](O)[C@@H]2OP(=O)(O)OC[C@H]2O[C@@H](n3cc(C)c(=O)[nH]c3=O)C[C@@H]2OP(=O)(O)O)[C@@H](COP(=O)(O)O[C@H]2C[C@H](n3cc(C)c(=O)[nH]c3=O)O[C@@H]2COP(=O)(O)O[C@H]2C[C@H](n3cc(C)c(=O)[nH]c3=O)O[C@@H]2COP(=O)(O)O[C@H]2C[C@H](n3cc(C)c(=O)[nH]c3=O)O[C@@H]2COP(=O)(O)O[C@H]2[C@@H](O)[C@H](n3ccc(N)nc3=O)O[C@@H]2CO)O1
KVXXOMYPLGTIDS-UHFFFAOYSA-N,Cn1c(=O)[nH]c(=O)c2c1nc(SCCC(=O)O)n2Cc1cccc(Br)c1
YNFMRFXCNXZIPM-UHFFFAOYSA-N,CC(=O)C1=C(C)NC(SCC(N)=O)=C(C#N)C1c1cccnc1
IGCIVOUGVHRXBD-BJQOMGFOSA-N,C[C@H](NC(=O)C1CC2(CCN1Cc1ccc(C(F)(F)F)cc1)CC2)c1ccc(C(=O)O)cc1
XJOAWESFAKLCSU-UHFFFAOYSA-N,O=S(=O)(Nc1ccc(O)cc1)c1ccc2ccccc2c1
VVBQUQRPMSQDMO-UHFFFAOYSA-N,O=C(O)c1ccc(NCCCCCCCCCCCCCCCC(F)(F)F)cc1
KAIYDQIIUNSXEA-INIZCTEOSA-N,Cc1cccc(NC(=O)[C@@H]2CCCN2CC(=O)Nc2ccccc2)n1
GPIGAIJPEFQHER-UHFFFAOYSA-N,COc1ccc(C(=O)NCC(c2cccn2C)N2CCN(C)CC2)cc1
BXTPCWNHSIBVNN-UHFFFAOYSA-N,COc1ccc(C2CC(c3cccs3)=NN2C(=O)CSC(=S)N2CCSCC2)cc1
SUOVENHCDDTQLA-UHFFFAOYSA-N,O=C(C1CCCO1)N1CCN(S(=O)(=O)c2ccc(Cl)cc2)CC1
XKCPCVSOGFTJJI-UHFFFAOYSA-N,O=C1CSC(c2ccc(Cl)c(Cl)c2)N1c1nccs1
IDMPGKZMIDERMI-HWWLAGQYSA-N,CC(C)COC(=O)[C@H](Cc1ccccc1)NP(=O)(CO[C@@H]1C=C(F)[C@H](n2cnc3c(N)ncnc32)O1)Oc1ccccc1
OBIPWGIUECOCEE-VGOFMYFVSA-N,COc1ccc(/C=C(\C#N)c2nc(-c3ccc(Cl)c(Cl)c3)cs2)cc1OC
KKMHGEIPUCNGMV-UHFFFAOYSA-N,CC(C)C(=O)N1CCC(NC(=O)Nc2ccc(C(F)(F)F)cc2)CC1
YVVKCSRMCUFMSX-UHFFFAOYSA-N,CCOC(=O)c1c[nH]n(C2CCN(C(=O)CC3CCCC3)CC2)c1=N
CCOSSVSTDCJDSE-UHFFFAOYSA-N,COc1cccc(-n2c(SCC(=O)NCC3CCCO3)nc3c4ccccc4nc-3c2O)c1
PFGBTYDDGBQSBL-UHFFFAOYSA-N,CC(C)c1c(C(=O)NCc2ccc(F)c(F)c2)c2ccc(NC3CCCC3)cc2n1Cc1ccccn1
JQABYMVTRIRKBI-UHFFFAOYSA-N,Nn1c(SCC(=O)NC2CCCCC2)nnc1C1CC1
ZOKSTAGMIUMLAL-XTCLZLMSSA-N,CCO/C(O)=C1\C(C)=NC(C)=C(C(=O)OCCCN2C(=O)c3ccccc3S2(=O)=O)C1c1ccccc1[N+](=O)[O-]
PTSYUUGLQKQNEO-UHFFFAOYSA-N,CN1CCN(C(=O)Cn2ncc3c4ccccc4n(Cc4ccc(F)cc4)c3c2=O)CC1
PERUQRHQPITXJE-DVRVPYBTSA-N,CCC(O)(CC)[C@H]1C[C@@H](Nc2nc(NCC3CC3)nc(C)c2-c2nc3c(C)nccc3s2)[C@H](O)[C@@H]1O
QJGWOQASKWIHQO-ZRAKIVDLSA-N,COc1ccc2c(c1)C(C(C)(C)C)N(C(=O)C[C@H](N)C(=O)N1CCC[C@H]1C#N)CC2
CMNOPGSZOYYDCD-UHFFFAOYSA-N,Cc1c(NC(=O)c2ccc(C(C)(C)C)cc2)cccc1-c1ccnc2[nH]c(-c3ccc(C(=O)N4CCOCC4)cc3)nc12
MJALVONLCNWZHK-UHFFFAOYSA-N,O=C(O)c1cccc2nc3c(C(=O)O)cccc3nc12
OXIPZMKSNMRTIV-BIQAKYJPSA-N,CCN(CC)CC.Nc1ncnc2c1ncn2[C@@H]1O[C@@H]2CO[P@](=O)(S)O[C@H]2[C@H]1O
ICPOJMTVQMOION-UHFFFAOYSA-N,C=CCN(CC=C)C1Cc2cccc3nc(O)n(c23)C1
JATJVTHLUABLLD-IOMROCGXSA-N,O=C1[C@H](N2CC[C@@H](c3ccc(O)cc3)[C@H](F)C2)CCN1Cc1ccc(Cl)c(F)c1
IUXXPERGRRBARE-UHFFFAOYSA-N,Cn1cnc(S(=O)(=O)NCCN2CC3CN(CCCOc4ccc(C#N)cc4)CC(C2)O3)c1
DBGOPRYLVZPMHQ-UHFFFAOYSA-N,C=CCN(CCC)C1CCc2ccc3[nH]cc(C=O)c3c2C1
ZXWAFSSPWCHAJT-UHFFFAOYSA-N,CCCCCCCCOS(N)(=O)=O
LFQSFSISCGFCPR-UHFFFAOYSA-N,CCC1(CC)NC(=O)N(CC(=O)OCC(=O)NC(=O)c2ccccc2)C1=O
ZHWCNOCTAKKMDJ-UHFFFAOYSA-N,Cc1nnsc1C(=O)Oc1ccc(Cl)cc1
OAKOESBJSMVOGM-UHFFFAOYSA-N,Cc1noc(=O)n1CCCCCCCCCCCCn1c(C)noc1=O
WSFYADMZISWFAB-UHFFFAOYSA-N,O=[N+]([O-])c1cccc(S(=O)(=O)Nc2ccc(F)cc2)c1
KZVCTQGBUKEWAM-UHFFFAOYSA-N,C=CCOc1ccc2nc3c([N+](=O)[O-])ccc4c3c(c2c1)NN4CCCN(C)C.CS(=O)(=O)O
WXKTTXXQTZGNAY-UHFFFAOYSA-N,c1ccc(-c2noc(CCCN3CCCC3Cn3cncn3)n2)cc1
MEYBQPYUGFRCTC-UHFFFAOYSA-N,O=C(CSc1nc2ccccc2c(=O)n1CCCN1CCCCC1)NCCc1ccccc1
AQAZIPYKMRRUDG-UHFFFAOYSA-N,CN(C)C(=O)c1ccc(F)c(F)c1NC(=O)c1nc(C2CC2)cnc1Nc1cncnc1
RZRHVVSQCJWNCY-UHFFFAOYSA-N,CN1CCN(C(=O)C2CC(=O)N(C3CCCCC3)C2)CC1
DAXWTRUFZJLYHE-UHFFFAOYSA-N,CC(=O)Nc1cccc(Nc2c3ccccc3nc3ccccc23)c1
ZKNCQUCCUXIJKY-UHFFFAOYSA-N,Cc1cc(Nc2nn(CC(F)(F)F)c(=O)c3ccccc23)n[nH]1
VWTWHLMXOAVDTP-UHFFFAOYSA-N,O=C(NO)c1ccc(C(c2ccccc2)c2ccccc2)cc1
GEWDNTWNSAZUDX-SNAWJCMRSA-N,CC/C=C/CC1C(=O)CCC1CC(=O)OC
WREXZRPCJAVZSW-UHFFFAOYSA-N,Nc1cc(C(=O)N2CCCC2)cn2nc(-c3ccco3)nc12
YYYMDBUHBOEDTC-UHFFFAOYSA-N,O=C1CCCN1c1ccc([N+](=O)[O-])cc1
WSCIAEIHLKCXIK-UHFFFAOYSA-N,Fc1cccc(COc2ccc(Nc3ncnc4ccccc34)cc2Cl)c1
FJRWFGAOZOXICG-UHFFFAOYSA-N,COCCCCN1CCN(C(=O)c2cc3c(cc2C)[nH]c(=O)c2cnn(C4CCOCC4)c23)CC1
RHWHDTAPTSTLNS-UHFFFAOYSA-N,O=c1c2cc(F)c(F)cc2sn1-c1ccc(Cl)cc1
ZQOJJNAKWBPLEQ-UHFFFAOYSA-N,COc1ccc(CN2C(=O)c3ccccc3C2C(=O)NC2CCC(C)CC2)c(OC)c1
NEWJTWZTMLBHQD-ZHACJKMWSA-N,CCN(CC)S(=O)(=O)c1cccc(NC(=O)COC(=O)/C=C/c2cccs2)c1
VZTOCDZVTNXQRR-UHFFFAOYSA-N,N#Cc1cccc(NC2=C(c3ccccc3Cl)C(=O)NC2=O)c1
WSXFUHFATUANTJ-UHFFFAOYSA-N,CC(=O)N1c2ccc(S(=O)(=O)NCCC(=O)N3CCC(C)CC3)cc2CC1C
AQMUICJXCCWPKG-VYIQYICTSA-N,CC(C)C12C=CC(C)(CC1)C1C(=O)N(N3CCCCS/C3=N\c3ccc(F)cc3)C(=O)C12
NNXXJUKCUXSZRL-OVCLIPMQSA-N,COc1ccc(OC)c(/C=N/NC(=O)c2ccc(O)nn2)c1
ZBQCXEREMRGOCO-UHFFFAOYSA-N,COc1ccc2[nH]cc(CC#N)c2c1
XZYAZKFQCIFSJF-UHFFFAOYSA-N,O=C(NCCN1CCOCC1)c1ccc2c(c1)N(Cc1cccc(F)c1)C(=O)c1ccccc1S2
AICSDJFDILYFFN-UHFFFAOYSA-N,COc1ccc(-c2c(C(F)(F)F)oc3c(CN4CCN(C)CC4)c(O)ccc3c2=O)cc1
WJVCVGQFAYWZRC-UHFFFAOYSA-N,CCCCN(C(=O)c1ccccc1Cl)c1nnc(-c2ccc(CN3CC(C(=O)O)C3)cc2C)s1
IUKYJNCDSUILBM-UHFFFAOYSA-N,O=C(O)CC1OC(=O)c2cc3c(cc21)C(=O)OC3CC(=O)O
JIBMAHAOHUBBCH-UHFFFAOYSA-N,Cc1coc2c(C)c3oc(=O)c(CCC(=O)NCCCN4CCCC4=O)c(C)c3cc12
CFFUCEHTAUTSAT-UHFFFAOYSA-N,COc1ccc(C(=O)Nc2cc(OC)ccc2OC)cc1
JGEPIEFNRYBGEJ-UHFFFAOYSA-N,COc1ccc(NC(=O)OC(CCN(C)C)c2ccc(Cl)cc2)cc1
IGHXQNDUQCTKSH-UHFFFAOYSA-N,CCC(C)(C)C(=O)OC
OKRXPEWGNVSLQB-UHFFFAOYSA-N,S=C(Nc1ccccc1)NC1C2CC3CC(C2)CC1C3
ILZMLSPSCRIAII-UHFFFAOYSA-N,CC(C)CCN1CCC(NC(=O)Nc2cccc3[nH]ncc23)c2cccc(Cl)c21
WVUOXWZAHSQDHC-UHFFFAOYSA-N,COc1cc(COC(c2ccc(OC)c(OC)c2OC)c2cccc3ccccc23)cc(OC)c1
RKLVRHXDCFBUMN-UHFFFAOYSA-N,Cc1ccc(N(C)C(=O)c2cnc(N3CCOCC3)c3ccccc23)cc1C
JWPLGPVZNJBTGI-UHFFFAOYSA-N,COC(=O)N1CCCC(C(=O)Nc2nc(C)c(SC)s2)C1
NJYMXLIGVQJYGW-UHFFFAOYSA-N,COCCNC(=O)C1(C)CCCN(Cc2csc(-c3ccc(Cl)cc3)n2)C1
AGIJWFYJPPZHCZ-UHFFFAOYSA-N,CCCCCCCCCCCCCCOCC(CNC(=O)C1(NC(=O)OCc2ccccc2)CCNCC1)OCCCCCCCCCCCCCC
WZZRPEXBKOTHTN-UHFFFAOYSA-N,O=C(O)CCc1ccc(C#Cc2cccc([N+](=O)[O-])c2)cc1
YFQZRNZHMWCWRS-HXUWFJFHSA-N,CC(C)[C@@H](NC(=O)CC1CC1)C(=O)N1CCC(c2ccc(Cl)cc2)CC1
SEBJYFDXYMHRMP-UHFFFAOYSA-N,COc1cc(Cl)cnc1NC(c1ccc(OC)c(OC)c1OC)c1ccc2cccnc2c1O
HNYZOGALKPMEFC-UHFFFAOYSA-N,COc1cccc(-n2c(=O)n(Cc3c(F)cccc3F)c3cnc(NCCN4CCOCC4)nc32)c1
PJLAFEDQUDGEON-UHFFFAOYSA-N,O=C1CCCC2=C1C(c1cccc([N+](=O)[O-])c1)C1=C(O)CCCC1=N2
KNQNCEASQVEHBB-UHFFFAOYSA-N,CCN(CC)c1ccc(C(=O)N2CCN(c3ccccc3OC)CC2)cc1
QWODTURVQQVTJS-UHFFFAOYSA-N,O=C(CN(C(=O)CCC(=O)Nc1nccs1)c1ccc(F)cc1)NCCc1ccccc1
SNBWOMNTWWMVSV-UHFFFAOYSA-N,COc1ccc(CC(=O)OCC(=O)Nc2ccc3[nH]c(O)nc3c2)cc1OC
SUYHJKLCKAJWGL-UHFFFAOYSA-N,CC(CO)(CO)NCc1cccc2ccc3ccccc3c12.Cl
HJGDTFGCXILSEZ-SFHVURJKSA-N,COc1cc(OC)cc(C(=O)N[C@H](C(=O)Nc2nc3ccccc3[nH]2)C(C)C)c1
WISYRHSUDKFGQH-UHFFFAOYSA-N,CNC(=O)c1cc(C(=O)NC2CC2)cn(Cc2cccc3[nH]ncc23)c1=O
DJEQWVYOVPWYAH-BQYQJAHWSA-N,O=C(/C=C/c1cccs1)NC(=S)Nc1ccccc1Cl
DKHVKMQAOLEJKJ-SDNWHVSQSA-N,C(=C/c1n[nH]c2cc(Sc3ccccc3)ccc12)\c1ccccc1
NDVMEZFTHNOLBL-UHFFFAOYSA-N,CCc1ccccc1N(CC)C(=O)Cn1nc(Cc2ccncc2)c2ccccc2c1=O
BWBPYGDKCWMPGL-KNTRCKAVSA-N,CC1=NC(C)=C(C(=O)OC(C)C)C(c2ccccn2)/C1=C(\O)OC(C)C
IJPVWIHLSQQLHD-UHFFFAOYSA-N,CCOC(=O)c1ccccc1NC(=O)CN(c1ccccc1OC)S(=O)(=O)c1ccc(C)cc1
BMLXBKGNLNARSX-BUVCNQPBSA-N,CC1=C(C)[C@H]2[C@H](Cc3c[nH]c4ccccc34)NC(=O)[C@]23C(=O)/C=C\CC[C@@H](C)C/C=C/[C@H]3[C@@H]1O
QRZMVCODRFSEIZ-UHFFFAOYSA-N,COc1ccc(NC(=S)N2CCC(NC(=O)c3ccc(F)cc3)CC2)cc1
XUFYKEMZADKEDT-UHFFFAOYSA-N,Cc1nc(C)c(-c2cc(C(=O)N3CC(c4ccc(C#N)cc4)C3)ccc2N2CCC2)[nH]1
HYJPMVGCQNBYPC-UHFFFAOYSA-N,CC(=O)NCC(=O)Oc1ccc([N+](=O)[O-])cc1
VYNVUYVEYITUQI-UHFFFAOYSA-N,O=C(CNC1=NS(=O)(=O)c2ccccc21)OCC(=O)c1ccccc1
WDHFAGNQZSUSBQ-UHFFFAOYSA-N,Cc1ccc(C(Sc2ccccc2)C(Cn2cncn2)C(=O)c2ccccc2)cc1
NRAKDKOUOMUVLG-UHFFFAOYSA-N,CCOc1ccccc1NC(=O)c1cccc(NC(=O)c2ccccc2C)c1
GUBSLVHSHYUHOF-UHFFFAOYSA-N,O=C1Nc2ccc(OC(F)(F)F)cc2C12NC(Cc1ccc(O)cc1)C([N+](=O)[O-])C2c1ccccc1
NRMRHCTVBLZOIE-UHFFFAOYSA-N,COC(=O)CNC(=O)CN1C(=O)N(c2cccc(Cl)c2)C(N(O)C(=O)Nc2cccc(Cl)c2)C1(C)C
CXXIUJZSLPZZIM-UHFFFAOYSA-N,O=C(O)C(=O)Nc1ccc(C#Cc2ccc(C(F)(F)F)cc2Cl)cc1
IEXZZFYUCJEPTG-UHFFFAOYSA-N,CC1(NC(=O)CC[N+]2(C)CCCCC2)CS(=O)(=O)CC1S(=O)(=O)[O-]
KFZFQIWPBCABDK-UHFFFAOYSA-N,NC(=S)Nc1cccc(OCCCCCCCCNC(=S)Nc2ccccc2Br)c1
SAYTWONPPSSRLV-OXJNMPFZSA-N,CC(=O)N[C@@H](C)c1ccc(O[C@@H]2CCN(c3nc(N4CCCC4(C)C)ncc3F)C2)cc1
ICYBLCSTCIVYBL-UHFFFAOYSA-N,O=C(COC(=O)c1ccco1)NC1CCCCC1
DBQWWSHXYCOZKK-SOFGYWHQSA-N,O=C(O)/C=C/c1ccc2c(c1)c1c3c(c4c5ccccc5n5c4c1n2CC(CO)C5)CNC3=O
IYLWLZVQZXXJRD-UHFFFAOYSA-N,CCOC(=O)C1=CCN(S(=O)(=O)c2ccccc2C)C1c1cccc(Br)c1
CZDNODODMNYBAC-UHFFFAOYSA-N,Cn1ccc(-c2c[nH]c3ncnc(N4CCOCC4)c23)n1
SPYNVKYBDKGKEH-AREMUKBSSA-N,O=C(NC[C@@H](O)C(=O)O)c1ccc(CN(C(=O)Nc2ccc3c(c2)C(F)(F)OC(F)(F)O3)c2ccc(C3=CCCCC3)cc2)cc1
FPXZFAVRKNJGEA-UHFFFAOYSA-N,COc1cc(OC)cc(C(=O)NCC(=O)OCC(=O)Nc2cc(S(C)(=O)=O)ccc2Cl)c1
VOBALCQPALRLNX-UHFFFAOYSA-N,COc1ccc2c(c1)c1c(c(=O)n(-c3ccc(OC)c(OC)c3)c(=O)n1CC(=O)N1CCCC1)n2C
UCSHUAXBZHSMGY-UHFFFAOYSA-N,CCC(=O)N(Cc1ccc(O)cc1)c1cc(F)cc(-c2nnn[nH]2)c1
AKJHPMMALPBXTB-UHFFFAOYSA-N,CCN(CC)CCNC(=O)c1cc(C(c2ccccc2)c2ccccc2)no1
JQZXAFCQUPVNCR-UHFFFAOYSA-N,Cc1ccc(C(=O)N2CCN(c3ccc(C(F)(F)F)cn3)CC2)c(C)c1
BLRBGSXHZIXFDR-UHFFFAOYSA-N,CCCCCCCCCCCCCC1=C(O)C(=O)C=C(NCCCC(=O)O)C1=O
GIHJGOFGJMBHES-UHFFFAOYSA-N,CCN(CC)C(=O)CN(C)c1ncnc2c1cnn2C
YIZUOLVMYWCJPS-UHFFFAOYSA-N,O=C(c1cc2cc(F)ccc2[nH]1)N1CCN(Cc2ccc3c(c2)OCO3)CC1
HQLDTSVJQLYNQS-RDJZCZTQSA-N,O=C1COCCN1c1ccc(-c2ccc3c(c2)OC[C@H]2[C@H](CO)OC(=O)N32)cn1
ANXFDMLPZBLDIR-UHFFFAOYSA-N,Cc1cc2cc(C)c3nnc(SCC(=O)N4CCc5ccccc54)n3c2cc1C
SDNYDTGCHIPKIY-UHFFFAOYSA-N,COc1ccccc1OC(=O)Cc1cccc2ccccc12
UZMCSTKSVWZMJA-UHFFFAOYSA-N,O=C(O)c1cccc(S(=O)(=O)N2CCCC2)c1
MBJWENBMRUTUBN-UHFFFAOYSA-N,Cc1c(C=O)nc(O)c2c1ccc1nc(Nc3c(Cl)cccc3Cl)n(C)c12
AZPPOYRLDPHBMQ-SANMLTNESA-N,COc1ccc(C(=O)N2CC(=O)N(Cc3ccc(OC)c4ccccc34)[C@@H](CCc3ccccc3)C2)cc1
TZMCLEOCJWIHKF-JOCHJYFZSA-N,O=C(O)[C@@H](Cc1c[nH]c2ccccc12)NS(=O)(=O)c1ccc(-c2ccc(Cl)cc2)cc1
HYJTUULYIOBNLS-UHFFFAOYSA-N,O=C(c1c[nH]c2ccccc12)c1c[nH]c2ccccc12
IIKAPVZZCQQAAO-UHFFFAOYSA-N,CC1CC1CNC(=O)NCCc1nnc2ccccn12
IRRBBFUDDSRXDM-UHFFFAOYSA-N,NS(=O)(=O)c1ccc(CCNC(=O)NC2(C(F)(F)F)Oc3ccccc3O2)cc1
OXVCTEISXXVMKI-UHFFFAOYSA-N,CN(Cc1ccc(C(F)(F)F)cc1)C(=O)c1ccc(Oc2ccccc2)cc1
FUFPOFJRUAOXRH-UHFFFAOYSA-N,CC(=O)c1nc([N+](=O)[O-])c(NCc2ccc(Cl)c(Cl)c2)s1
DGAFCFQIMXJUDW-UHFFFAOYSA-N,COCCNC(=O)c1cnn2ccc(N3CCCC3c3cc(F)cnc3C)nc12
WYUJTWQSJJRVIG-UHFFFAOYSA-N,CC(C)=Cc1ccc(C(C)C(=O)O)cc1
OGEIPSHWRLGGQV-UHFFFAOYSA-N,Cc1cccc(OC(=O)Cn2c(C(F)(F)F)nc3ccccc32)c1
NFQRAOAGEVHPQA-UHFFFAOYSA-N,COc1ccccc1CC(=O)Nc1cc(Cl)ccc1O
YCJMJTOZMPBFNE-UHFFFAOYSA-N,Cc1cc(C)n(-c2ccc(C(=O)C(C#N)c3nc4ccccc4n3C)cc2)n1
MHSWBQRMXQCVDG-UHFFFAOYSA-N,c1ccc(Cc2ncc(-c3cnc(Oc4ccccc4)nc3)[nH]2)cc1
UXHCHPSMFGXTHP-UHFFFAOYSA-N,CC(C)(C)c1cn(-c2ccc(Cl)cc2)c(S)n1
RGLYKWWBQGJZGM-ZCXUNETKSA-N,CC/C(=C(\CC)c1ccc(O)cc1)c1ccc(O)cc1
FXLZIWSUWYRMTB-UHFFFAOYSA-N,O=C(CSCc1nc2ccccc2[nH]1)N1CCN(c2cccc(Cl)c2)CC1
UJEVLSAGHRKPSP-UHFFFAOYSA-N,CCCc1cc(C(=O)Nc2ccccc2C(=O)OC)no1
LTDYVWDREBODNT-IYBDPMFKSA-N,CCCC[C@H](Nc1nc(N[C@H](CCCC)C(=O)O)nc(-c2ccccc2)n1)C(=O)O
AJPALZYAKSQXKU-UHFFFAOYSA-N,Cc1cc(CSc2ccccc2)ccc1NC(=O)c1ccc(Br)cc1
ANPAWAXFULSFEF-UHFFFAOYSA-N,C=CC(=O)NC1CCN(S(=O)(=O)c2c(C(N)=O)[nH]c3ccc(Br)cc23)CC1
JKBPMJNCWUBKQJ-UHFFFAOYSA-N,COc1ccc(CCNC(=O)c2c([S-])n(-c3ccc(C)cc3)c3cccc[n+]23)cc1
RSVBTLSIVBWMNF-IBGZPJMESA-N,C[C@@H]1OC2(CCN(CCc3ccccc3)CC2)CN(c2ccccc2)C1=O
URPZVARDAICSOI-UHFFFAOYSA-N,C=C(CN)c1cccc(OC)c1
JWVFZFFSQPTWJJ-UHFFFAOYSA-N,Cc1cc2c(=O)n3c(nc2s1)CCN(C(=O)c1c(C)noc1C)CC3
VRQAPNPEUJHLCJ-UHFFFAOYSA-N,Fc1ccc(-c2nnc(CN3CCn4c(nnc4C4CC4)C3)o2)cc1
IFCTWWURXPONBJ-UHFFFAOYSA-N,CCOC(=O)c1sc(-c2ccccc2)cc1NC(=O)Nc1ccc([N+](=O)[O-])cc1
AFECAOVPBDBWRV-QFIPXVFZSA-N,COc1cccc([C@]2(Cc3cccc(Cl)c3)C(=O)Nc3cc(Cl)ccc32)c1
QNBONRHBWWFPLO-UHFFFAOYSA-N,CCCCC(CC)CNC(=O)c1cc(-n2ncc(=O)[nH]c2=O)ccc1Cl
DSAZRYOHNSAOFC-UHFFFAOYSA-N,CC(C)S(=O)(=O)C(C(=O)NCCS(N)(=O)=O)c1nc2ccc(-c3cccc(C(=O)N(C)C)c3)cc2s1
CJEVVARMXFTOGQ-UHFFFAOYSA-N,CNC(=O)COc1ccc(Nc2nc(C)cc(Nc3cc(C4CC4)n[nH]3)n2)cc1
DDXJTCZXWJVTIA-UHFFFAOYSA-N,Cc1cnn(CC2CCCCN2C(=O)c2ccc3[nH]c(=O)[nH]c3c2)c1
RVQDYSOYTMLEEA-UHFFFAOYSA-N,Cl.Nc1cc(C(F)(F)F)ccc1C(=O)NCCCCN1CCN(c2nsc3ccccc23)CC1
NXHDZFMSHYGIBC-UHFFFAOYSA-N,COc1ccc(-c2cc(C(=O)N3CCCCC3C)no2)cc1OC
YVQFFFJMUIXINW-AWNIVKPZSA-N,COc1ccc(O)c(/C=N/NC(=O)c2nonc2C)c1
MVIZQVBDUVVXQS-UHFFFAOYSA-N,CCC(C)n1c(-c2cccs2)nc2nc3ccccc3nc21
KWVTYJDRHULCCW-UHFFFAOYSA-N,[O-][S+](Cc1ccc(Br)cc1)Cc1nnc(SCc2c(F)cccc2Cl)n1-c1ccccc1
NZCQWOIOZLKJHJ-WCQYABFASA-N,C[N+](C)(C)CCOP(=O)([O-])OP(=O)(O)OC[C@@H]1CC[C@H](n2ccc(N)nc2=O)O1
QHPDLVQJKIVETO-UHFFFAOYSA-N,Cc1ccc(-c2c(C)[n+]([O-])c3c([n+]2[O-])CCCCC3)o1
CKDDOFUURUVUPS-IBGZPJMESA-N,C[C@H]1CN(Cc2ccc(N(C)C(=O)c3ccc(Oc4cccc(C#N)c4)cn3)cc2)CCN1
YMSYXWPCDBRESY-UHFFFAOYSA-N,O=C(CSc1nc2ccccc2o1)Nc1ccccc1
CXTATJFJDMJMIY-ZDUSSCGKSA-N,CCCCCCCC(=O)O[C@@H](CC(=O)[O-])C[N+](C)(C)C
UTJJCBMDCZDYKT-UHFFFAOYSA-N,CC1CCCC(N)=N1
NRLJWPWRBPODBR-VWLOTQADSA-N,CC(C)(C)CCN1CCC[C@H]1C(=O)N1CCC(NS(=O)(=O)c2cc(S(=O)(=O)c3ccccc3)ccc2C(F)(F)F)CC1
OJPDWUYTGIKAMD-UHFFFAOYSA-N,COC(=O)C(C)ON1C(=O)c2ccccc2C1=O
JVLWFPSODABJCP-UHFFFAOYSA-N,CCCCCNC(=O)c1cccc(Oc2ccnc(-c3cccc(F)c3)n2)c1
UQXVMCPFDVTXMC-UHFFFAOYSA-N,N=c1c(C(=O)NCc2ccc3c(c2)OCO3)cc2c(=O)n3ccccc3nc2n1Cc1cccnc1
DDLMSEDJBUAMCG-ZWOKBUDYSA-N,CN1[C@@H](c2ccccc2)[C@@H](C(=O)NCc2ccncc2)C[C@@]1(C)C(=O)O
KWSSDVKAIWNBEN-UHFFFAOYSA-N,COC(=O)c1ccc(NC(=O)CN2C(=O)c3ccccc3S2(=O)=O)cc1
NIFCFECVMACLAR-PFONDFGASA-N,N#Cc1c(SCc2ccccc2)nc2c(c1/C=C\c1ccccc1)CCC2
ITGHQSNMEJUHKF-UHFFFAOYSA-N,CN(C)c1ccc(-c2[nH]nc3c2C(=O)c2c(NC(=O)CN4CCC(O)CC4)cccc2-3)cc1
MSUHGDQBGRIICK-UHFFFAOYSA-N,CCCCCC(C)C(C)c1cc(O)c2c(c1)OC(C)(C)C1=C2C(C)CC1
BSOCNPHSDVMLHR-UHFFFAOYSA-N,O=C(c1cc(-c2cccs2)on1)N1CCc2ccccc2C1
RALUNGIEMSXUPL-UHFFFAOYSA-N,O=C(Nc1cccnn1)N1CC2(CCN(Cc3cccc(Oc4ccc(Cl)cc4)c3)CC2)C1
XRMGYPKSMQYOHW-UHFFFAOYSA-N,COc1ccccc1CNCc1ccc2c(c1)OCO2.Cl
TVUAZYKHHMOUKA-UHFFFAOYSA-N,CC(C)C(NC(=O)C12CC3CC(CC(C3)C1)C2)C(=O)O
HYGPXKVIQVAETC-UHFFFAOYSA-N,CCOc1cccc2cc(C(=O)NC(C)c3ccccc3)c(=N)oc12
SEPMYXWLNORQTN-ZCWWJEROSA-N,O=C([C@H]1CC[C@@](F)(C(=O)O)CC1)N1CC[C@](c2ccc(C(F)(C(F)(F)F)C(F)(F)F)cc2)(S(=O)(=O)c2ccc(F)cc2)C1
ONYAMMDTQPZWCD-UHFFFAOYSA-N,O=C(Cc1ccccc1)N1CCN(CCCc2ccccc2)CC1.O=C(O)C(=O)O
ZPBDOQSMFPXRFB-UHFFFAOYSA-N,O=C(Nc1ccc(-c2nnn[nH]2)cc1)c1nn(Cc2ccc(OC(F)F)cc2)c2ccc(F)cc12
ZXHQEFHZJSIGSE-UHFFFAOYSA-N,CNS(=O)(=O)c1cccc(C(=O)OC2CCOC2=O)c1
UNKJQIRLSKHWRN-UHFFFAOYSA-N,COc1cccc(Nc2ncnc3onc(-c4ccc(Cl)cc4)c23)c1
YWAHGOGGNHVEKH-UHFFFAOYSA-N,CC(=O)c1cccc(S(=O)(=O)N2CCCC(c3nc(O)c4nnn(Cc5cccc(Cl)c5)c4n3)C2)c1
HRGAYWPIHNCMEI-UHFFFAOYSA-N,CCc1ccc(CNC(=O)C(CC)n2ccc3cc(S(=O)(=O)N4CCCCC4)ccc32)cc1
BLLPDLUPGXXTHF-UHFFFAOYSA-N,CN(C)c1ccc(-c2ccc(-c3cc4ccc(C5=NCCCN5)cc4[nH]3)cc2)cc1
PYRWQYFROOLMSH-UHFFFAOYSA-N,NCC(O)CNc1nc2ccccc2n(C2CCN(C3CCCCCCC3)CC2)c1=O
JSHXJPFZKBRLFU-JQWIXIFHSA-N,CC[C@H](C)[C@H](NC(=O)OCc1ccccc1)C(=O)O
GARASDOODWWZMF-UHFFFAOYSA-N,CCOCCn1c(N2CCN(C)CC2)nc2ccccc21
GEVGLUZEQGOXES-UHFFFAOYSA-N,O=C(NCC(F)(F)F)Nc1cccc(-c2cnc3cc(-c4ccncc4)ccn23)c1
KSKYHUONEAPCKQ-NDENLUEZSA-N,Fc1ccc2c(c1)/C(=N\Nc1nc3ccccc3[nH]1)CCS2
KNXWBZHPJBRBAQ-UHFFFAOYSA-N,CCOC(=O)c1ccccc1NC(=O)CSc1ccccc1
FUEPHCALQKUQJU-UHFFFAOYSA-N,C=CCSc1nc(C)c(CCCC)c(O)n1
MUVHEHZPQDYZRX-UHFFFAOYSA-N,O=S1(=O)Nc2c(ccc3c(Cl)ccnc23)-c2ccccc21
VKFZRZZTZMBOEB-UHFFFAOYSA-N,O=c1c2c(oc(O)c1C(c1cccc(NS(=O)(=O)c3ccc(C(F)(F)F)cc3)c1)C1CC1)CCCCCC2
POGOIUASGHCZBK-DZGCQCFKSA-N,CC1=CCC[C@H]1NC(=O)Nc1ccc(Cl)c(S(=O)(=O)C(C)(C)[C@H]2CCOC2)c1O
URVMQMKGIVIILI-UHFFFAOYSA-N,O=C(CCCN1CCC(O)(c2ccc(Cl)cc2)CC1)c1ccccc1F
MHYNKSTXGUSVKX-FGPHBKPNSA-N,C[C@]12CC[C@](O)(CN3CCN(C(=O)c4ccc(C(F)(F)F)cc4)CC3)C[C@@H]1CC[C@@H]1[C@@H]2CC[C@]2(C)C(=O)CC[C@@H]12
MLZWXDMGFDBHOC-GFOWMXPYSA-N,CC(C)COC(=O)N1CCCC(c2nc3ccc(N4CCC[C@@H](C(=O)N5CCCC5)C4)nc3[nH]2)C1
UMLUAUUXNUNHIK-UHFFFAOYSA-N,O=S(=O)(NCc1ccc(F)cc1)c1ccc(-n2cnnn2)cc1
PUVLBVPQNCJMFX-UHFFFAOYSA-N,CSCCC(NS(=O)(=O)c1ccccc1F)C(=O)N1CCCCCC1
XYDUIIFWASLHPC-UHFFFAOYSA-N,Cc1noc(C)c1C(=O)OCC(=O)c1cc(C)n(-c2ccccc2F)c1C
NTPWEESCRMRYGF-UHFFFAOYSA-N,c1ccc(-c2noc(NC3CC3)n2)cc1
KPTRDYONBVUWPD-UHFFFAOYSA-N,OB(O)c1ccc2ccccc2c1
BVNDJEHETZIZCV-UHFFFAOYSA-N,O=C1NCCC12CCN(c1c(Cl)cncc1-c1cc3ccccc3s1)CC2
WODLABUDZXSSQJ-UHFFFAOYSA-N,Cc1ccc(-c2cccc3sc(C(=O)N=C(N)N)cc23)cc1
FSMCUXRWOAAVBC-UHFFFAOYSA-N,CCCCCCCCOc1ccc(-c2ccc(C(=O)Nc3cccc(CP(=O)(OCC)OCC)c3)cc2)cc1
UDSQZJMGPSRCEM-HDKVZZTHSA-N,CCCCC/C=C/C1=C(CO)[C@@H](O)[C@H]2O[C@@]2(C/C=C(\C)C(=O)O)C1=O
CMGYJDPKPZJERY-ANYOKISRSA-N,CC[C@]1(O)c2cc3n(c(=O)c2COC1O)Cc1cc2ccccc2nc1-3
SZPGVRDRUROBMX-UHFFFAOYSA-N,CN(Cc1ccccc1)C(=O)c1cc2ccccc2o1
YAHGKKOUPBNBRT-UHFFFAOYSA-N,COC(=O)c1ccc(NC(=O)CN(C)S(=O)(=O)c2ccc3c(c2)CCCC(=O)N3)cc1
VHRSUDSXCMQTMA-UHFFFAOYSA-N,CC1CC2C(C(O)CC3(C)C2CCC3(O)C(=O)CO)C2(C)C=CC(=O)C=C12
HZMMPRUELAHNQS-UHFFFAOYSA-N,COc1ccc(NC(=O)C2(C)Cc3c(-c4ccccc4)ccnc3O2)cc1OC
POFRUQZCHGAJQU-QPEQYQDCSA-N,O=C1NC(=O)/C(=C/c2cnn3c(NC4CC4)cc(NC4CCC(F)(F)CC4)nc23)N1
YKYPLKQLJHRQBH-UYPYDWMASA-N,C[C@H](Cc1ccc(OCCCCCOc2ccc(C[C@@H](C)NC[C@H](O)c3cccc(Cl)c3)cc2)cc1)NC[C@H](O)c1cccc(Cl)c1
IVITYWXJLJXMDX-IYBDPMFKSA-N,COc1ccc(N2C[C@@H](C)N[C@@H](C)C2)cc1NS(=O)(=O)c1ccc(-c2ccc(C)o2)cc1Cl
XHXUANMFYXWVNG-ADEWGFFLSA-N,CC(=O)O[C@@H]1C[C@H](C)CC[C@H]1C(C)C
CEIWTDURXPDQPR-UHFFFAOYSA-N,Cl.O=C(CCN1CCc2ccccc2CC1)c1ccc2c(c1)OCCO2
FDKQLSPNBYBNKV-SOFGYWHQSA-N,COc1ccc(/C=C/C(=O)c2cccc([N+](=O)[O-])c2)cc1OC
AXIUOBGVQSEIKI-UHFFFAOYSA-N,Nc1nc(Nc2ccccc2F)nc(NC2CCCCC2)c1[N+](=O)[O-]
OYJWNOJRABEQMJ-UHFFFAOYSA-N,CCNC(=O)c1ccc2c(c1)CCN2
BFDVTFIXIZSLHT-LVZFUZTISA-N,CCO/C(O)=C1\C(COCCN)=NC(C)=C(C(=O)OC)C1c1cccc(Cl)c1Cl
JDOILJKAJWDJFR-UHFFFAOYSA-N,CCc1ccccc1N1CC(c2nnc(N)s2)CC1=O
XEWHYZLUJBINKU-UHFFFAOYSA-N,CCOc1ccc(C(C)N=C(S)NC2CCCCC2)cc1OCC
ZAVUUMPNYFEIEI-UHFFFAOYSA-N,CCC(NC(=O)Nc1nnc[nH]1)(C(F)(F)F)C(F)(F)F
ILZAEDZILDCJHM-JTQLQIEISA-N,O=[N+]([O-])c1cn2c(n1)OC[C@@H](OCc1ccc(SC(F)(F)F)cc1)C2
ZNEZKXBCHGJGEX-UHFFFAOYSA-N,CC(=O)Nc1ccc(NC(=O)CSc2nnnn2C2CCCCC2)cc1
QVWVBVXCEQMWRV-UHFFFAOYSA-N,O=C(CC1CCCCC1)Nc1ccc(-c2nc3ccccc3s2)cc1Cl
DRNPXCOTCYRPEY-XUXIUFHCSA-N,CCCCCCCCC[C@@H]1N[C@@H](CO)[C@H](O)[C@H]1O
NPEVASITUZUIKK-ZROIWOOFSA-N,CC1(CN2C(=O)S/C(=C\c3cc(Br)c(O)c(Br)c3)C2=O)CCCCC1
AYPJVXQBVHCUCJ-UHFFFAOYSA-N,CCOC(=O)CCCO
VOPAQKPMKPLGPJ-UHFFFAOYSA-N,Cc1cc(C)cc(NC(=O)CN2CCC(NC(=O)c3ccccc3F)CC2)c1
LOGCGSQXPMTBOU-UHFFFAOYSA-N,CCC(C)(CNC(=O)Nc1nccs1)N1CCOCC1
WGAVDVZHIBFAQP-UHFFFAOYSA-N,O=C(NCCCCNC(=O)NCc1ccco1)NCc1ccco1
ZPSRYIBCYKRODU-UHFFFAOYSA-N,CCN(CC)CCNC(=O)CN1C(=O)COc2ccc(S(=O)(=O)N3CCOCC3)cc21
PUBGLOGQTJPAFB-UHFFFAOYSA-N,CCc1nc(CC(=O)N2CCCC2Cn2cccn2)cs1
VBBYGFZLFPBEDA-QVIHXGFCSA-N,O=C1Nc2[nH]c(=S)n(-c3ccc(O)cc3)c(=O)c2C(c2ccccc2Cl)N1/N=N/c1ccc(Cl)cc1
BSPRJOJVNSMMPW-UHFFFAOYSA-N,CCc1ccc(CNC(=O)N2CCN(Cc3cc(C)no3)CC2)s1
OWFDNPJKOHZBPV-UHFFFAOYSA-N,CCOCCCNC(=O)c1cc2c(=O)n(CC)c3ccccc3c2s1
VYWWFUAAHJBDIL-UHFFFAOYSA-N,O=C(c1cc2c(F)cccc2[nH]1)N1CCCCC1Cn1cccn1
NBDIZIFCDBWQLF-UHFFFAOYSA-N,CC(CN1CCCCC1CC1CCCCC1)c1cccc(C(N)c2ccccc2)c1
AUSIVGAANWCBSX-UHFFFAOYSA-N,O=C1CN(Cc2[nH]c3c(-c4ccccc4)c(-c4ccccc4)nn3c(=O)c2-c2ccc3ncccc3c2)C(=O)N1
KSNPWIDVLPHDGT-UHFFFAOYSA-N,Cn1nc(C(C)(C)C)cc1NC(=O)Nc1ccc(Oc2ccnc3[nH]c(=O)[nH]c23)c2ccccc12
LGEVSTAVRNMFHV-KRWDZBQOSA-N,NCc1ccc(S(=O)(=O)c2cccc(S(=O)(=O)N3CCC[C@H]3CNS(=O)(=O)c3ccccc3)c2)s1
VKDNHTHTZNCNNS-UHFFFAOYSA-N,O=C(NC(=S)NCc1ccco1)c1ccc([N+](=O)[O-])cc1
IMAZCCKGMHERPG-UHFFFAOYSA-N,COc1ccccc1C1CC(c2ccccc2)Nc2ncnn21
KAPBRJCXRLLTSE-UHFFFAOYSA-N,O=C(Nc1cnn(Cc2ccc(F)cc2)c1)C(c1ccccc1)c1ccccc1
UQOWJJGOQJONCI-MZRDIQIISA-N,C/C=C(/C)C(=O)O[C@H]1C(C)=C[C@]23C(=O)[C@@H](C=C(C)[C@@H](O)[C@]12O)[C@H]1[C@@H](C[C@H]3C)C1(C)C
PUMMUEPZMBVCKU-UHFFFAOYSA-N,COc1cc2ncnc(N3CCN(/C(=N\Cc4ccc(C)cc4)NC#N)CC3)c2cc1OC
ZMTXRLGMIGKSIN-KXDDBMSCSA-N,C[C@@H]1N[C@@]2(C(=O)Nc3ccccc32)[C@@H]2C(=O)N(c3cccc(Br)c3)C(=O)[C@H]12
XMDFFLGMSCXCQA-DNVJHFABSA-N,CCCCC[C@@H](C(=O)NCNC(=O)c1ccc(-c2cc(OCC)cc(C(=O)N[C@H](CC(=O)O)C(=O)O)c2)o1)[C@@H](CC)N(O)C=O
MHBVKZSOTUSUNZ-UHFFFAOYSA-N,Cc1nc(NC(=O)Nc2ccc(F)cc2)c(C)c(C)c1O
BYTOBENSSNVQAW-UHFFFAOYSA-N,CCC(=O)NC(=S)Nc1cccc(NC(=O)c2ccccc2)c1
TWXHBOAMLZGVTM-UHFFFAOYSA-N,Cc1cc(C)n(CC(=O)Nc2ccc3c(c2)OCO3)c(=O)c1-c1nc(-c2ccccc2)no1
MGDXKGWVINECEE-UHFFFAOYSA-N,COc1ccc(CNC(=O)COC(=O)Cc2ccsc2)cc1
RNEZBAWBDZGLDN-JVICMLDUSA-N,C=CC/C(C=O)=C1\O[C@@H]2CC(=O)N2C1(CC=C)C(=O)OCc1ccccc1
DCVGMNGKJZRWTN-UHFFFAOYSA-N,Sc1ccccc1-c1c[nH]cn1
SAHYQAZQUBUBDP-UHFFFAOYSA-N,CCCn1c(O)nnc1SCC(=O)NC1CCCc2ccccc21
RNELQDMAUDCFJA-UHFFFAOYSA-N,COc1ccc(C2=NN(C(=O)CCCC(=O)O)C(c3cccs3)C2)cc1OC
MOKGJPFJPBCJGY-UHFFFAOYSA-N,Cc1c(C(=O)Nc2c(C)n(C)n(-c3ccccc3F)c2=O)nnn1-c1ccc(Cl)cc1Cl
XYJZRKCVGBJPRH-UHFFFAOYSA-N,CSc1cc(-c2ccccc2)n(Cc2ccccc2Cl)c(=O)c1C#N
CAEWZVWWJLUAPK-UHFFFAOYSA-N,COc1ccc(-c2noc(-c3cccn3CC(=O)N3CCCC3)n2)cc1OC
JSIMBHAVKWNJLK-UHFFFAOYSA-N,NC(=O)c1ccc(N2CCCCCC2)c([N+](=O)[O-])c1
IPHYDJDVXSFLAA-IIBYNOLFSA-N,CN1CC[C@@H]2[C@H](CCN2C(=O)Cn2cc(NC(=O)c3cnn4cccnc34)c(-c3cc(Cl)ccc3OC(F)F)n2)C1
ZNHOTTHCQSLMEX-UHFFFAOYSA-N,CC1(C(=O)NC2CCCC2)CCC(=O)N1Cc1ccccc1Cl
GIJVMVBEOMPBKW-UHFFFAOYSA-N,CCC(=O)NCCc1c(C)nn2ccc3c(c12)CCO3
WJPONANTOMAPFF-GJZGRUSLSA-N,CCCNC(=O)NC[C@H](NC(=O)[C@@H]1CCCN1S(=O)(=O)c1ccccc1)C(=O)O
JGXUXEILGGWPJR-QPJJXVBHSA-N,O=C1NC(=S)NC(=O)C1=C/C=C/c1ccccc1
WYXCAWCJFZAPBO-UHFFFAOYSA-N,Cc1[nH]c2ccc(C(=O)NCCCN3CCCCCC3)cc2c1C
RJBCOYIKSKCAMX-UHFFFAOYSA-N,Cc1csc(N2CCCN(C(=O)c3occc3C)CC2)n1
REJWICBGFGQVML-UHFFFAOYSA-N,CCOC(=O)c1ccc(NC(=O)NCc2ccnc(-n3ccnc3C)c2)cc1
NHYVHORTFNTPKS-UHFFFAOYSA-N,COc1ccc(CCNC(=O)C(=O)NCc2ccccn2)cc1
PIFBXXKMSONJTR-UHFFFAOYSA-N,CCCCN(C(=O)Nc1ccc(OCC)cc1)C1CCN(C(C)=O)CC1
HZNIAIQRNOPBLC-VGOFMYFVSA-N,CC(=O)c1sc(N/N=C/c2cccc([N+](=O)[O-])c2)nc1C
QVMBXRIEPZOLRV-UHFFFAOYSA-N,CCn1cnc2c(c(Br)nn2C)c1=O
WLXDPQQQWKHQJP-FQEVSTJZSA-N,C[C@H](NC(=O)c1ccc2c(ccn2Cc2ccc(-c3cccc(Cl)c3)cc2)c1)c1ccc([N+](=O)[O-])cc1
ZDFOMFPCBOUZSD-UHFFFAOYSA-N,COc1cc2c(c(O)c1C)C(=O)CCC2O
SQOXGXCYIDDLGW-MBALSZOMSA-N,Cc1ccc(/N=N/c2c(O)ccc(/N=N/c3ccc(S(=O)(=O)O)cc3)c2O)c(C)c1
QXEBUDGMCKMQGM-UHFFFAOYSA-N,CC(C)n1ncnc1-c1nc2c(s1)CCOc1cc(-c3cn(C)cn3)ccc1-2
MAERBIOVFUPIQG-UHFFFAOYSA-N,O=C(NCc1nc2ccccc2c(=O)n1-c1ccc(F)cc1)Nc1ccc(Cl)c(Cl)c1
JFSZHBISRLXGDH-UHFFFAOYSA-N,Cc1ccccc1C(=O)Nc1cccc(NC(=O)c2ccc(-c3ccc(Br)cc3)o2)c1
CRJJBNGHCQVOFP-UHFFFAOYSA-N,CC1(c2cc([N+](=O)[O-])cc([N+](=O)[O-])c2)CC(C)(C)N(C(=O)c2ccccc2)c2ccccc21
ZQUAKJBUKQFQSY-UHFFFAOYSA-N,COCC(=O)NCCc1c[nH]c2ccc(S(C)(=O)=O)cc12
YCBUNDZDQSMZSL-UHFFFAOYSA-N,c1cnn(CC2CN(Cc3nc(-c4ccsc4)no3)CCO2)c1
VFEVVTZADBQJIT-VVEOGCPPSA-N,NS(=O)(=O)c1ccc(-n2cc(-c3ccc(Cl)cc3)c3c(N/N=C/c4ccc([N+](=O)[O-])cc4)ncnc32)cc1
HTYLXNMMALQHHI-UHFFFAOYSA-N,O=C(NC1=NCCS1)C1CC2CCC1C2
WXARVAOOWYEAMK-UHFFFAOYSA-N,COCCNC(=O)c1cn(C)c2ccc(S(=O)(=O)N3CCCC3)cc2c1=O
TULDPDLFHDYJMU-UHFFFAOYSA-N,CN1CCN(Cc2ccc(C(=O)Nc3cc(-c4ccc(NC(=O)Nc5cc(C(C)(C)C)on5)cc4)n[nH]3)cc2)CC1
WKYGVTJLHPMWIU-UHFFFAOYSA-N,COc1ccc(C(CCN(O)C(C)=O)P(=O)(O)O)cc1
XAGDIZMJFDFBJY-UHFFFAOYSA-N,O=C(C1CC1c1cccc(N2CCCC2=O)c1)N1CCN(C2CCC2)CC1
IYNQMEOYNIBVDR-UHFFFAOYSA-N,CCCn1c(=O)c2ccccc2n2c(SCC(=O)c3cc(C)n(CC4CCCO4)c3C)nnc12
JRFYFXHDWUKIEP-UHFFFAOYSA-N,COc1cc(CN(Cc2ccc(CN(Cc3cc(I)c(O)c(OC)c3)Cc3cc(I)c(O)c(OC)c3)cc2)Cc2cc(I)c(O)c(OC)c2)cc(I)c1O
LQCRFQWAROOYGX-UHFFFAOYSA-N,COc1ccccc1C(=O)N1CCN(c2nc(Nc3cc(C)[nH]n3)c3cccn3n2)CC1
KPFDJVOMBUAQPT-UHFFFAOYSA-N,Fc1cccc(Nc2n[nH]c3cccnc23)c1
KCKUFHPOVUCTLK-UHFFFAOYSA-N,COc1ccc(NS(=O)(=O)c2ccc(NC(=O)c3ccc(N(C)S(C)(=O)=O)cc3)cc2)c(OC)c1
QPOIVQFMTCHPCR-UHFFFAOYSA-N,CCOC(=O)N1CCN(C(=O)CNC(=O)Cn2cnc3ccccc3c2=O)CC1
OTIZHZJHSPGAHW-UHFFFAOYSA-N,Cc1ccc(S(=O)(=O)NCc2ccncc2)cc1C
KKVVUJGTXDPMGE-UHFFFAOYSA-N,CCOC(=O)Cn1cc(F)c(=O)[nH]c1=O
AXTIMGDLGCBLQL-UHFFFAOYSA-N,S=C1N(c2ccccc2)C(c2ccc(Cl)cc2)N2CCCN12
RADMSYNXHJFMQS-UHFFFAOYSA-N,CCn1c(=N)n(CC(=O)c2ccc(OC)cc2)c2ccccc21
BWJDKVHWCIEYMO-UHFFFAOYSA-N,N#Cc1cc(Cn2cncn2)cc(-c2ccc(F)cc2)c1
XQFJDFIHJKPUEL-UHFFFAOYSA-N,COc1ccccc1N(C)C
SDFOAZKSFMKURE-UHFFFAOYSA-N,CC(C)Cn1cc(C(=O)N2CCOCC2)c2c3ccccc3n(C)c2c1=O
ZXPQRKASESPIBB-UHFFFAOYSA-N,O=C1CC(N2CCC(c3nc4ccccc4o3)CC2)C(=O)N1c1ccc(Cl)c(C(F)(F)F)c1
LKRLIBXSIGYTGP-UHFFFAOYSA-N,CN(Cc1ccc(C(=O)Nc2ccc(Cl)cc2C(=O)Nc2ccc(Cl)cn2)cc1)C1=NCCN1
CKEVGBJVCVAJJN-UHFFFAOYSA-N,COCc1ccccc1CNc1nnc(C)c(C)c1C#N
SOROUYSPFADXSN-XDBZAZGESA-N,CC1(C)S[C@@H]2[C@H](NC(=O)C(N)c3ccccc3)C(=O)N2[C@H]1C(=O)OC1OC(=O)c2ccccc21
LKEBYYIMIKDDMS-RQZCQDPDSA-N,O=C1N/C(=C/c2c[nH]c3ccccc23)C(=O)N1Cc1ccccc1F
RMRCRAVJOPYWRB-UHFFFAOYSA-N,Cc1cccc(-c2ccc3c4[nH]ncc4c(=O)n(CC(F)(F)F)c3c2)n1
PZIIUZCNPXQDBP-UHFFFAOYSA-N,COC(=O)COc1cccc(NC(=O)c2cccc(C)c2)c1
XSLJSHJSFPBCAB-UHFFFAOYSA-N,Nc1nc(-n2cc(O)cn2)nc(-n2cccn2)c1Br
ULJKPZYNYGEEOX-UHFFFAOYSA-N,COC(=O)C1=C(c2ccccc2)c2ccccc2S(=O)(=O)N1CC(=O)Nc1ccc(F)c(F)c1
MKUQDRBOTTVKJE-UHFFFAOYSA-N,O=C(CCNS(=O)(=O)c1ccc2c(c1)CCC(=O)N2)NCc1cccnc1
RPIDGQWWWMUWMG-TXABXMSNSA-N,C[C@@H](CN1CCN(Cc2ccccc2)CC1)NC(=O)C12C[C@H]3C[C@@H](C1)C[C@@H](C2)C3.Cl.Cl
HJKVPZJVBHWFCQ-BDXSIMOUSA-N,C[C@@]12CCC[C@H]1[C@@H]1CCc3cc(O)ccc3[C@H]1CC2
JYDWSBDJJDYAEP-UHFFFAOYSA-N,CC(Oc1ccccc1)C(=O)NC1CCSc2ccccc21
TWZNJILEAWQUTE-UHFFFAOYSA-N,N#Cc1ccccc1NC(=O)COC(=O)c1ccc(S(=O)(=O)N2CCCC2)cc1
XYUHDJSDNLZAFL-UHFFFAOYSA-N,Clc1ccc(-c2noc(CN3CCc4ccccc43)n2)cc1
LCPLYSKJFSJOKV-UHFFFAOYSA-N,CCCCN=C(S)N1CCn2cccc2C1c1ccc(F)cc1
LYNDGGXUXSOXNM-UHFFFAOYSA-N,Oc1ccc(-c2cnc3cnc(-c4ccc(Cl)cc4)cn23)cc1
PFZZHXKJFTWEKD-UHFFFAOYSA-N,CCOC(=O)C1(C)CCCCCN1C(=O)c1ccco1
YQKXRNXHLGSSHY-UHFFFAOYSA-N,Cc1ccc(NC(=O)C2(NC(=O)c3cccc(N4C(=O)CSC4c4ccccc4)c3)CCCCC2)cc1
VSRLRNOAGMXACA-UHFFFAOYSA-N,Cc1ccc(NC(=O)Cn2nc3c(Oc4cccc(C)c4C)nccn3c2=O)c(Br)c1
BURDGYCDBOXCIU-UHFFFAOYSA-N,CCOc1ccc(NC(=O)CSc2nnc3c(=O)n(-c4ccc(OCC)cc4)ccn23)cc1
UBSOPOINCBHRFG-CQSZACIVSA-N,C[C@@H]1Cc2ccccc2N1C(=O)Cc1nc(N2CCOCC2)cc(=S)n1C
DCKAOKXRHCMSPN-UHFFFAOYSA-N,O=C1N(Cc2cccc3[nH]ccc23)CCCC12CCN(c1cnc3ccccc3n1)CC2
FDKRNXKCWQSXGP-UHFFFAOYSA-N,NS(=O)(=O)c1ccc(SCCCO)s1
YVXSSTJTNVIYIK-UHFFFAOYSA-N,CC1(C)CNC(=O)c2ccc(-c3nc(-c4ccc(S(=O)(=O)NC5CC5)cc4)cnc3N)cc21
PVTZDCROWZXBNI-HNNXBMFYSA-N,C[C@H]1COCCN1c1nc(N2CCC(C(N)=O)CC2)nc2nc(-c3ccc(Cl)cc3)ccc12
NTESIIXLFNAOOM-UHFFFAOYSA-N,N#Cc1cc(-c2cc(F)c(O)c(F)c2)cc2ccc(O)cc12
CEQBZRMYQPXHBJ-UHFFFAOYSA-M,CCOc1ccc([N+]2=C3CCCCN3C(O)(c3ccc(F)cc3)C2)cc1.[Br-]
AEDFZMSOPOQMES-UHFFFAOYSA-N,O=C(c1nn(C2CCCN(Cc3ccccc3)C2)c2c1CS(=O)(=O)c1ccccc1-2)N1CCOCC1
QQGMAXHFOQLCOJ-JKIUYZKVSA-N,NC[C@]1(c2cccc(Cl)c2)CC[C@H](n2nc(-c3ccccc3)ccc2=O)CC1
ILAODGHSGTUINL-UHFFFAOYSA-N,Cc1c2cc(-n3ccc(OCc4ccc(Cl)cc4)cc3=O)ccc2nn1C
QFBJHWFOTMVPDR-QGZVFWFLSA-N,Fc1cccc(CNc2cccc(-c3cc(N[C@@H]4CCCOC4)ncc3Cl)n2)c1
TYRAOMAGBWMDRH-UHFFFAOYSA-N,CCOc1ccc(N(CC(=O)Nc2ccc(Cl)cc2)S(C)(=O)=O)cc1
BNFSDWFPQICEMS-UHFFFAOYSA-N,COc1ccc2c(c1)CCn1c-2cc(OCC2COc3ccccc3O2)nc1=O
QHPUBAJPUHOLSV-UHFFFAOYSA-N,Cn1c(SCC(=O)Nc2cccnc2)nnc1-c1ccccc1F
UGNHQRLCUYQYOT-UHFFFAOYSA-N,O=C(NCCCOc1ccc(Cl)cc1)c1cc(C(F)(F)F)cc(C(F)(F)F)c1
XPPWBHFKFCPHJJ-UHFFFAOYSA-N,O=C(O)c1ccc(COc2c(F)c(F)c(F)c(F)c2F)o1
UXTJJAJKPSRIJW-UHFFFAOYSA-N,COc1cccc(CNC(=O)COCc2nnc(C(=O)Nc3cccc(F)c3)s2)c1
LNHOXYUAUXVDMI-UHFFFAOYSA-N,COc1ccc(CCNC(=O)C2CCN(c3ccc(-c4ccccc4)nn3)CC2)cc1OC
KPVGSIKDQHXIGY-UHFFFAOYSA-N,CN(CC(=O)Nc1ccc(OC(F)(F)F)cc1)C(=O)c1ccc(N2CCCC2=O)cc1
KHOYJMNYQSPWLL-UHFFFAOYSA-N,COc1ccc(COC(Cn2ccnc2)c2ccc(Cl)cc2Cl)cc1
GUSYHQUUVADYSS-UHFFFAOYSA-N,CC(C)CCn1c(Cn2c(=O)n(C(C)C)c3ccccc32)nc2cc(C(=O)O)ccc21
ZOFPYCCSYGWTCN-WRQFUQGOSA-N,CCCCCC(=O)N[C@H]1CCC(=O)NCC[C@@H](C(=O)N[C@@H](Cc2c[nH]c3ccccc23)C(N)=O)NC(=O)[C@H](CCCNC(=N)N)NC(=O)[C@@H](Cc2ccccc2)NC(=O)[C@H](Cc2c[nH]cn2)NC1=O
JEYJUDAJGQPQGH-UHFFFAOYSA-N,Cc1cc(SC2=C(O)OC(CCc3ccc(O)cc3)(C(C)C)CC2=O)c(C(C)(C)C)cc1NC(=O)c1ccncc1
VOORNZAPIFXLDN-UHFFFAOYSA-N,COc1ccccc1[N+]1=C2CCCCN2C(O)(c2ccc(Cl)cc2)C1
JMFSDHXFZZFQKE-UHFFFAOYSA-N,N#CC(CCCN1CCC(O)(c2ccc(Cl)cc2)CC1)(c1ccccc1)C1CCCCC1
LOHMBEQRBFSYKI-NSHDSACASA-N,CCN1C(=O)CC[C@H]1C(=O)NCc1cccc(Cl)c1Cl
OMTUXUVKGKMPLB-UHFFFAOYSA-N,CCOC(=O)NC1CCc2ccc(OCCNS(=O)(=O)c3ccc(Cl)s3)cc2C1Cc1cccc(Cl)c1
NOWWQZYDSUJIIO-UHFFFAOYSA-N,CNC(=O)c1cc2cnc(Nc3ccc(N4CCN(C(C)C)CC4)cn3)nc2n1C1CCCC1
QVSPTTXPVZTFNZ-UHFFFAOYSA-N,Cc1ccc(CC(=O)Nc2nccs2)cc1C
DVDLGUYQPTUTJI-UHFFFAOYSA-N,Cc1ccc(SCc2n[nH]c3c2C2(C(=O)N(C)c4ccccc42)C(C#N)=C(N)O3)cc1
XWMBGCUVHDFRMV-UHFFFAOYSA-N,OCCNCCNCc1ccc(-c2ccccc2)o1
QQTILJLMMZBMGB-XYPYZODXSA-N,CN(CCO)CCNc1cc([C@H]2C[C@H](N)C2)ncn1
OWSXQQAOXOHXIA-UHFFFAOYSA-N,CC(C)(C)OC(=O)NNC1CC(=O)N(c2ccccc2F)C1=O
LATGVSZLTAGFAV-UHFFFAOYSA-N,Cc1cc(C(=O)N2CCCC(C(=O)c3ccc4ccccc4c3)C2)n(C)n1
ZRIVTYCCLPMNRZ-UHFFFAOYSA-N,CNC(C)C(=O)Nc1cc(-c2nc(OC)nc3c(C)nn(C)c23)cc(NC(=O)c2ccc(Cl)cn2)n1
XMEAQBBZAOMGPQ-UHFFFAOYSA-N,CC(=O)c1c(C)[nH]c(C(=O)OCc2nc(O)c3sccc3n2)c1C
DSELQYYUAIUYPA-UHFFFAOYSA-N,Cn1c(=O)n(CCN2CCN(c3ccc(OC4CC4)cc3)CC2)c2nc(N)n3nc(-c4ccco4)nc3c21
RWEATTQAJOMZSY-UHFFFAOYSA-N,COc1ccc(CNC(=O)c2ccc(C[S+]([O-])Cc3ccccc3Cl)o2)cc1
KWVQESRPEYDCAU-UHFFFAOYSA-N,Cc1ccc(OCC(=O)NC2CCN(Cc3ccccc3)CC2)cc1
UOPUTZWCUAZSNB-UHFFFAOYSA-N,Cc1ccccc1-n1nc(CO)c(C(=O)NCc2cccs2)n1
JIDSINRKRCZKNU-UHFFFAOYSA-N,Cc1ccc2cccc(Oc3ccc([N+](=O)[O-])cc3[N+](=O)[O-])c2n1
YXKMUSZOISAOQN-UHFFFAOYSA-N,O=C(Nc1ccccc1-c1ccccc1)c1ccc(O)nn1
IKNPDLCLBOGEQM-TWLAMCEISA-N,O=C(O)C1=CS[C@@H]2/C(=C\c3cc4n(n3)CSCC4)C(=O)N12
OZWKMVRBQXNZKK-LLVKDONJSA-N,O=C(c1ccccc1)c1ccc2n1CC[C@H]2C(=O)O
KNYWJNQPNWFFHH-UHFFFAOYSA-N,Nc1ccccc1Oc1ccc2ccccc2c1
ACYKZNPFZJYEDL-BJKOFHAPSA-N,C[C@@H]1CN(c2ccc(Nc3cc(-c4ccnc(N5CCn6c(cc7c6CC(C)(C)C7)C5=O)c4CO)cn(C)c3=O)nc2)[C@@H](C)CN1C1COC1
QLLLSYAAVOVZPW-UHFFFAOYSA-N,CCc1nn(Cc2cccc(OCCN3CCNCC3)n2)c2cccc(NC(=O)c3cnc4ccccn34)c12
GCCGLVIEPMZLEX-UHFFFAOYSA-N,CN(C)c1ccc(C(=O)N2CCC(N3CC(CC#N)(n4cc(-c5ncnc6[nH]ccc56)cn4)C3)CC2)cc1C#N
VXGYRAAJYROOBR-BVNFUTIRSA-N,Cc1ccc2nc(-c3ccc(/N=c4\oc5c(C)ncc(CO)c5cc4C(=O)Nc4ccccc4)cc3)sc2c1
ILAZEUQGANOTAY-VAWYXSNFSA-N,CC(C)N(CCc1c[nH]c2ccccc12)Cc1ccc(/C=C/C(=O)NO)cc1
QTXPAXVWEYEGEW-QYZOEREBSA-N,C=CCN1CC[C@]23CCCO[C@@]2(C)[C@H]1Cc1ccc(O)cc13
HGYLMBSADYHHGI-UHFFFAOYSA-N,O=S(=O)(O)c1nc2ccccc2n1Cc1ccccc1
YFDHVZXPZOVVTP-UHFFFAOYSA-N,Cc1cc(C(=O)Nc2ccc3nc(C)sc3c2)no1
SCJHJBLKPMFQNG-UHFFFAOYSA-N,COc1ccc2c(c1)c(CC(C)C(=O)O)c(C)n2Cc1ccc(Br)cc1
HDPOTTSRCKBDER-UHFFFAOYSA-N,CCCCn1c(N)c(N(CC(C)C)C(=O)C2CC(=O)N(Cc3ccco3)C2)c(=O)[nH]c1=O
VMXRUYMZWIICAB-UHFFFAOYSA-N,COc1cnccc1COc1cnc(N2CCN(C(=O)OC(C)(C)C)CC2)nc1
ZZLWRROKJPRAHK-JFGZAKSSSA-N,CC[C@@H](NC(=O)c1cc(C(=O)N2CCCC2CN2CCOCC2)n2c1COCC2)c1ccccc1
TYZSWDAVNTUBDA-UHFFFAOYSA-N,COc1ccc(CNC(=O)C2CCN(Cc3nc(-c4ccc(OC)c(OC)c4)oc3C)CC2)cc1
RSVUNMIJFOWNJN-UHFFFAOYSA-N,Clc1ccc(OCc2nn3c(-c4ccco4)nnc3s2)c(Cl)c1
IMJPIFNNEDCHOW-UHFFFAOYSA-N,COCCN(C(=O)c1csnn1)C(C(=O)NC1CCCC1)c1ccccc1F
RSGULHBGFRRPOD-UHFFFAOYSA-N,Cc1ccc(NC(=O)CN2C(=O)COc3ccc(S(=O)(=O)N4CCCCCC4)cc32)c(C)c1
XKFUDYWEERAZCC-UHFFFAOYSA-N,CN1C(=O)C(C2c3ccccc3C(=O)N2Cc2ccccc2)C(=O)N(C)C1=O
NSMOFNIITOEKDA-UHFFFAOYSA-N,O=C(Nc1ccccc1Cl)C(=O)c1cn(CC(=O)N2CCOCC2)c2ccccc12
UGHHGKIWSLXWQA-ZZVPPEEFSA-N,CO[C@]12CC[C@@]3(C[C@@H]1COCc1ccc(C(N)=O)cc1)[C@H]1Cc4ccc(O)c5c4[C@@]3(CCN1CC1CC1)[C@H]2O5
UWVLPYSRFUDFMR-XOZOLZJESA-N,CCCOc1ccc2c(c1[C@@H]1C[C@H]1CN)CCO2.Cl
DPNPWGOZTQVNEE-UHFFFAOYSA-N,CC1CC2(CCCN(C3CCN(C(=O)c4c5ccccc5cc5ccccc45)CC3)C2)C(=O)O1
HLUQWOKLDJZDFT-UHFFFAOYSA-N,O=C(CCCCC=C(c1ccccn1)c1ccccn1)NO
JRPPPNCRYLDDGM-UHFFFAOYSA-N,CCCc1nccn1-c1cccc(CN2CCCC2)c1
GTSNNKAIWCROBB-UHFFFAOYSA-N,C#CCNS(=O)(=O)c1ccc(CCN(Cc2cccc3c2OCO3)C(=O)Cc2ccc(F)cc2)cc1
IWVKKYMADMRSLL-UHFFFAOYSA-N,COc1cc(C(C(=O)NCc2ccccc2)N(C(=O)c2snc(C(N)=O)c2N)c2ccc(C(C)C)cc2)cc(OC)c1OC
JSAVGVGMEJCGDN-UHFFFAOYSA-N,O=C(NCc1ccccc1)C(c1cccnc1)N(C(=O)c1ccccn1)c1ccc(F)cc1
DYZKPXXSBGVLFN-UHFFFAOYSA-N,C=CCNC(=S)NNC(=O)c1cccc2ccccc12
MRBXTMMOCBEYPE-UHFFFAOYSA-N,COc1cccc(C2Nc3ccc4ccccc4c3C3=C2C(=O)CCC3)c1O
CZFGYVSIPBBSSB-UHFFFAOYSA-N,CCN(CC)C(=O)C1CCCN(c2ccc([N+](=O)[O-])cc2[N+](=O)[O-])C1
NIVSHDOWCUXCCG-UHFFFAOYSA-N,Cc1ccc(-c2nc3ccccc3[nH]2)cc1NC(=O)COc1ccc(Cl)cc1Cl
QJOPXXWJXPZOEF-STZFKDTASA-N,CC(C)(C)OC(=O)N1CCN(c2ccc(Nc3cc(NC4CC4)n4ncc(/C=C5\NC(=O)NC5=O)c4n3)cc2)CC1
OQVODUMJTDGZCE-UHFFFAOYSA-N,O=C(Nc1ccoc1C(=O)O)c1ccc(SC(F)(F)F)cc1
DEHFBAZNHKQZPN-UHFFFAOYSA-N,O=C(O)C1CCCCC1C(=O)Nc1ccc(F)c(F)c1
QHZKHBPMNUGGPE-UHFFFAOYSA-N,O=C(O)Cc1ccc(OCC(F)(F)F)c(-c2ccc(F)c3c2CN(C(=O)OCc2ccccc2)CC3)c1
IEXSINIYBOYDQR-AREMUKBSSA-N,Cc1noc(C)c1-c1ccc2nc(-c3cnn(CC(C)(C)O)c3)nc(N3CCOC[C@@H]3C3CCCCC3)c2c1
AGCMMQLWZZLYDX-UHFFFAOYSA-N,Clc1cccc2c1CN(c1ccncc1)CC2
GLDHZKQYHDFALD-LURJTMIESA-N,CN1CC=C[C@H](O)C1
PJHAKRAYWRQDBE-UHFFFAOYSA-N,CC(C)N(CC(=O)NO)C(=O)C1CCCCC1C(=O)O
IODZIFQAUYLLGK-MHWRWJLKSA-N,Cc1ccc(NC(=O)COc2ccc(/C=C3/NC(=O)NC3=O)cc2)cc1
XLKUVKBPRSKDBI-MZBJOSPHSA-N,CCCCN(CC[C@H]1CC[C@H](NC(=O)c2ccc3ccccc3c2)CC1)[C@H]1CCc2nc(N)sc2C1
FNYGWXSATBUBER-UHFFFAOYSA-N,Cc1ccccc1C(C(=O)NC1CCCCC1)N(C(=O)Cn1ccnc1C)c1cccc(F)c1
QRIYSBSMXKQMJR-UHFFFAOYSA-N,Cc1ccc(CNC(=O)c2ccccc2NC(=O)CSc2nnnn2C)cc1
JDKCAGQJNLGYHF-UHFFFAOYSA-N,O=C(CSc1nc(O)c2cnn(-c3ccccc3)c2n1)c1ccc(Cl)cc1
UIUKLNMWFUCPRN-UHFFFAOYSA-N,Cc1nn(C)c(C(=O)Nc2ccn(Cc3c(F)c(F)cc(F)c3F)n2)c1[N+](=O)[O-]
CNPZEERMDBIOLD-UHFFFAOYSA-N,CN(C)c1ccc(S(=O)(=O)c2ccc(CNC(=O)c3ccc4nccn4c3)nc2)cn1
IVJYDAMCXKKOFF-CVEARBPZSA-N,Cc1cc2[nH]c(=O)c3cnn(CC4CC4)c3c2cc1C(=O)N1C[C@@H](C)N(CCC(F)(F)F)C[C@@H]1C
MWPULXFKKSXXCB-UHFFFAOYSA-N,COCCc1sc(S(=O)(=O)NC(=O)Nc2cc(Br)cc(N)n2)cc1C
SEGKOQAMTOQPAL-UHFFFAOYSA-N,Cc1cc(Cl)ccc1OCC(=O)NC1CCCC1
FZYCDFQXDHLOCU-UHFFFAOYSA-N,Cc1nc2sccn2c(=O)c1S(=O)(=O)NCC(C)c1ccccc1
FSNHRYGTEANCBQ-BJRPGJRBSA-N,CCCC[C@H]1CN(C)[C@@H]1C(=O)N[C@@H]([C@H]1O[C@H](SC)[C@H](O)[C@@H](O)[C@H]1O)[C@H](C)Cl
FBEYMNRNEZKVQD-UHFFFAOYSA-N,COc1ccc(-c2cncnc2-c2ccc(OC)cc2O)cc1
ICQDNYCEUCZFNR-NSHDSACASA-N,O=C(N1CCC[C@@H]1C#CCN1CCCC1)C(F)(F)F
UEWSIHAEMPYCMQ-UHFFFAOYSA-N,C=C(CO)C(CCCCCCCC)n1cnc2c(Cl)ncnc21
YTNIODYVNHTETN-UHFFFAOYSA-N,NC(=NOC(=O)c1ccc(F)cc1)c1cccc([N+](=O)[O-])c1
UMRFASGHCNCOSM-UHFFFAOYSA-N,Cc1cc(NC(=O)CSc2nc3cc(Cl)ccc3s2)no1
JTUQGTNWWPMBKS-UHFFFAOYSA-N,COc1cc(C(C)(C)CN(C)C)c(C)cc1Nc1ncc(Cl)c(Nc2ccccc2S(=O)(=O)C(C)C)n1
BBDYVPWCKIPSJE-UHFFFAOYSA-N,CCn1ccc2cc(S(=O)(=O)N3CCC(C(=O)NCCc4ccc(C)cc4)CC3)ccc21
PIDNWGBATBCGRD-UHFFFAOYSA-N,COc1cccc(NC(=O)Cn2c(=O)n(-c3ccc(C)cc3)c(=O)c3ccccc32)c1
FDDPCWXTGMYWOD-UHFFFAOYSA-N,COc1cc2c(cc1-c1c(C)noc1C)[nH]c1nc(C)nc(-c3cccc4cccnc34)c12
BDPAJGIZRMDVFD-UHFFFAOYSA-N,Cc1nc(C(=O)NNC(=O)Nc2ccc(Cl)cc2)cs1
ADWZVLITXHGOHX-UHFFFAOYSA-N,Cc1ccc(NC(=O)CCNS(=O)(=O)c2ccc3nc(O)oc3c2)cc1F
NYPJDWWKZLNGGM-UHFFFAOYSA-N,CC(C)C(C(=O)OC(C#N)c1cccc(Oc2ccccc2)c1)c1ccc(Cl)cc1
HZWOIIAHZHTTNX-UHFFFAOYSA-N,O=C(CCNc1ccccc1)c1cccc([N+](=O)[O-])c1
IZHDCOBKHACNPP-UHFFFAOYSA-N,Cc1nn(S(=O)(=O)c2ccccc2)c(C)c1S(=O)(=O)N1CCOCC1
BEVWILIPUVPGIG-UHFFFAOYSA-N,Brc1cc(CNc2ncc(Br)c(Nc3cc(C4CC4)[nH]n3)n2)on1
QIRHZDQSERRMTC-UHFFFAOYSA-N,O=c1cccccc1N1CCN(CCc2ccccc2)CC1
NYZVLORTMXWLFI-UHFFFAOYSA-N,Cn1cc2ccc(-c3ccc4ncnc(NCc5cccs5)c4c3)cc2n1
YBDIEKXARREZCG-UHFFFAOYSA-N,CCOC(=O)c1c(NC(=O)CSc2nnc(CNC(=O)c3cccs3)n2-c2ccccc2OC)sc2c1CCC2
YVFFCSSMTOXAQS-UHFFFAOYSA-N,CC(C)CC(NC(=O)CCN)C(=O)O
GKEJQKXRTFTBNH-UHFFFAOYSA-N,O=C(CSc1nnns1)Nc1ccc(Cl)cn1
MSKJKAZPKHLWPE-UHFFFAOYSA-N,CC(=O)c1ccc(NC(=O)c2cnn3c(C(F)F)cc(C4CC4)nc23)cc1
ZTCJXHNJVLUUMR-UHFFFAOYSA-N,Ic1cc(-c2ccccc2)ncn1
RKYXHFGPUWTZDI-UHFFFAOYSA-N,COc1cccc(C2C(C(=O)Nc3cccnc3)=C(C)Nc3nc(SCc4ccccc4)nn32)c1
YOYCKNVNFBLJIM-UHFFFAOYSA-N,O=C(CN1C(=O)c2ccccc2C1=O)Nc1ccccc1C(=O)N1CCCC1
CPKLJGVAHZTUGO-UHFFFAOYSA-N,Cc1nnc(NC(=O)C2CCCN(S(=O)(=O)Cc3ccccc3)C2)s1
BSJXCUQJTFWJOP-NRFANRHFSA-N,CN(C)[C@H]1CCc2nc(NC(=O)c3cccc(CNC(=O)c4ccc(-c5cnco5)cc4)c3)sc2C1
OSAAVUUMAHFBOB-UHFFFAOYSA-N,COc1cccc(C(=O)Nc2ccc(-n3nncc3-c3ccccc3)cc2)c1
XIKNVPWEBHTZJN-MRXNPFEDSA-N,FC(F)(F)c1cc(COC[C@@H](NCc2nn[nH]n2)c2ccccc2)cc(C(F)(F)F)c1
RUPRMHHHABGDCQ-UHFFFAOYSA-N,CCC(C)NC(=O)CC(NS(=O)(=O)c1ccc(C)cc1)c1ccc(OC)cc1
CNSIXKKUTZYKQC-UHFFFAOYSA-N,O=C(c1ccco1)N1CCN(Cc2nc(O)c3ccc(Cl)cc3n2)CC1
CYUSCEPWNDYKIP-IHRRRGAJSA-N,CCC(=O)N[C@@H](CO)C(=O)N[C@@H](CCCCN)C(=O)N[C@@H](CC(C)C)C(N)=O
CYBHGHQYVGGXRB-BDYUSTAISA-N,O=C(NCCCCN1CC[C@H]2c3cccc(O)c3CC[C@@H]21)c1ccc(-c2ccccc2)cc1
AOPMSFXOYJXDNJ-IRFSQMTFSA-N,COC(=O)C1=CO[C@@H](O[C@@H]2O[C@H](CO)[C@@H](O)[C@H](O)[C@H]2O)[C@H]2[C@@H]1C=C[C@@]21C=C([C@H](C)O)C(=O)O1
SYJWDLHZPHYXKU-VKAVYKQESA-N,CCO/C(O)=C1/C(C)=NC2=C(C(=O)CCC2)C1c1ccsc1
DWHNMVHPNPUABP-VUWPPUDQSA-N,CC(C(=O)N[C@@H](C)c1ccc(Cl)c(F)c1)n1nc2ccccn2c1=O
